Data,Video,N. di Non mi piace
2020-04-01,57xSclHUn5Q,0
2020-04-02,57xSclHUn5Q,0
2020-04-03,57xSclHUn5Q,0
2020-04-04,57xSclHUn5Q,0
2020-04-05,57xSclHUn5Q,0
2020-04-06,57xSclHUn5Q,0
2020-04-07,57xSclHUn5Q,0
2020-04-08,57xSclHUn5Q,0
2020-04-09,57xSclHUn5Q,0
2020-04-10,57xSclHUn5Q,0
2020-04-11,57xSclHUn5Q,0
2020-04-12,57xSclHUn5Q,0
2020-04-13,57xSclHUn5Q,0
2020-04-14,57xSclHUn5Q,0
2020-04-15,57xSclHUn5Q,0
2020-04-16,57xSclHUn5Q,0
2020-04-17,57xSclHUn5Q,0
2020-04-18,57xSclHUn5Q,0
2020-04-19,57xSclHUn5Q,0
2020-04-20,57xSclHUn5Q,0
2020-04-21,57xSclHUn5Q,0
2020-04-22,57xSclHUn5Q,0
2020-04-23,57xSclHUn5Q,0
2020-04-24,57xSclHUn5Q,0
2020-04-25,57xSclHUn5Q,0
2020-04-26,57xSclHUn5Q,0
2020-04-27,57xSclHUn5Q,0
2020-04-28,57xSclHUn5Q,0
2020-04-29,57xSclHUn5Q,0
2020-04-30,57xSclHUn5Q,0
2020-05-01,57xSclHUn5Q,0
2020-05-02,57xSclHUn5Q,0
2020-05-03,57xSclHUn5Q,0
2020-05-04,57xSclHUn5Q,0
2020-05-05,57xSclHUn5Q,0
2020-05-06,57xSclHUn5Q,0
2020-05-07,57xSclHUn5Q,0
2020-05-08,57xSclHUn5Q,0
2020-05-09,57xSclHUn5Q,0
2020-05-10,57xSclHUn5Q,0
2020-05-11,57xSclHUn5Q,0
2020-05-12,57xSclHUn5Q,0
2020-05-13,57xSclHUn5Q,0
2020-05-14,57xSclHUn5Q,0
2020-05-15,57xSclHUn5Q,0
2020-05-16,57xSclHUn5Q,0
2020-05-17,57xSclHUn5Q,0
2020-05-18,57xSclHUn5Q,0
2020-05-19,57xSclHUn5Q,0
2020-05-20,57xSclHUn5Q,0
2020-05-21,57xSclHUn5Q,0
2020-05-22,57xSclHUn5Q,0
2020-05-23,57xSclHUn5Q,0
2020-05-24,57xSclHUn5Q,0
2020-05-25,57xSclHUn5Q,0
2020-05-26,57xSclHUn5Q,0
2020-05-27,57xSclHUn5Q,0
2020-05-28,57xSclHUn5Q,0
2020-05-29,57xSclHUn5Q,0
2020-05-30,57xSclHUn5Q,0
2020-05-31,57xSclHUn5Q,0
2020-06-01,57xSclHUn5Q,0
2020-06-02,57xSclHUn5Q,0
2020-06-03,57xSclHUn5Q,0
2020-06-04,57xSclHUn5Q,0
2020-06-05,57xSclHUn5Q,0
2020-06-06,57xSclHUn5Q,0
2020-06-07,57xSclHUn5Q,0
2020-06-08,57xSclHUn5Q,0
2020-06-09,57xSclHUn5Q,0
2020-06-10,57xSclHUn5Q,0
2020-06-11,57xSclHUn5Q,0
2020-06-12,57xSclHUn5Q,0
2020-06-13,57xSclHUn5Q,0
2020-06-14,57xSclHUn5Q,0
2020-06-15,57xSclHUn5Q,0
2020-06-16,57xSclHUn5Q,0
2020-06-17,57xSclHUn5Q,0
2020-06-18,57xSclHUn5Q,0
2020-06-19,57xSclHUn5Q,0
2020-06-20,57xSclHUn5Q,0
2020-06-21,57xSclHUn5Q,0
2020-06-22,57xSclHUn5Q,0
2020-06-23,57xSclHUn5Q,0
2020-06-24,57xSclHUn5Q,0
2020-06-25,57xSclHUn5Q,0
2020-06-26,57xSclHUn5Q,0
2020-06-27,57xSclHUn5Q,0
2020-06-28,57xSclHUn5Q,0
2020-06-29,57xSclHUn5Q,0
2020-06-30,57xSclHUn5Q,0
2020-07-01,57xSclHUn5Q,0
2020-07-02,57xSclHUn5Q,0
2020-07-03,57xSclHUn5Q,0
2020-07-04,57xSclHUn5Q,0
2020-07-05,57xSclHUn5Q,0
2020-07-06,57xSclHUn5Q,3
2020-07-07,57xSclHUn5Q,1
2020-07-08,57xSclHUn5Q,1
2020-07-09,57xSclHUn5Q,1
2020-07-10,57xSclHUn5Q,0
2020-07-11,57xSclHUn5Q,0
2020-07-12,57xSclHUn5Q,0
2020-07-13,57xSclHUn5Q,0
2020-07-14,57xSclHUn5Q,0
2020-07-15,57xSclHUn5Q,0
2020-07-16,57xSclHUn5Q,0
2020-07-17,57xSclHUn5Q,0
2020-07-18,57xSclHUn5Q,0
2020-07-19,57xSclHUn5Q,0
2020-07-20,57xSclHUn5Q,0
2020-07-21,57xSclHUn5Q,0
2020-07-22,57xSclHUn5Q,0
2020-07-23,57xSclHUn5Q,0
2020-07-24,57xSclHUn5Q,0
2020-07-25,57xSclHUn5Q,0
2020-07-26,57xSclHUn5Q,0
2020-07-27,57xSclHUn5Q,0
2020-07-28,57xSclHUn5Q,0
2020-07-29,57xSclHUn5Q,0
2020-07-30,57xSclHUn5Q,0
2020-07-31,57xSclHUn5Q,0
2020-08-01,57xSclHUn5Q,0
2020-08-02,57xSclHUn5Q,0
2020-08-03,57xSclHUn5Q,0
2020-08-04,57xSclHUn5Q,0
2020-08-05,57xSclHUn5Q,0
2020-08-06,57xSclHUn5Q,0
2020-08-07,57xSclHUn5Q,0
2020-08-08,57xSclHUn5Q,0
2020-08-09,57xSclHUn5Q,0
2020-08-10,57xSclHUn5Q,0
2020-08-11,57xSclHUn5Q,0
2020-08-12,57xSclHUn5Q,0
2020-08-13,57xSclHUn5Q,0
2020-08-14,57xSclHUn5Q,0
2020-08-15,57xSclHUn5Q,0
2020-08-16,57xSclHUn5Q,0
2020-08-17,57xSclHUn5Q,0
2020-08-18,57xSclHUn5Q,0
2020-08-19,57xSclHUn5Q,0
2020-08-20,57xSclHUn5Q,0
2020-08-21,57xSclHUn5Q,0
2020-08-22,57xSclHUn5Q,0
2020-08-23,57xSclHUn5Q,0
2020-08-24,57xSclHUn5Q,0
2020-08-25,57xSclHUn5Q,0
2020-08-26,57xSclHUn5Q,1
2020-08-27,57xSclHUn5Q,0
2020-08-28,57xSclHUn5Q,0
2020-08-29,57xSclHUn5Q,0
2020-08-30,57xSclHUn5Q,0
2020-08-31,57xSclHUn5Q,0
2020-09-01,57xSclHUn5Q,0
2020-09-02,57xSclHUn5Q,0
2020-09-03,57xSclHUn5Q,0
2020-09-04,57xSclHUn5Q,0
2020-09-05,57xSclHUn5Q,0
2020-09-06,57xSclHUn5Q,0
2020-09-07,57xSclHUn5Q,0
2020-09-08,57xSclHUn5Q,0
2020-09-09,57xSclHUn5Q,0
2020-09-10,57xSclHUn5Q,0
2020-09-11,57xSclHUn5Q,0
2020-09-12,57xSclHUn5Q,0
2020-09-13,57xSclHUn5Q,0
2020-09-14,57xSclHUn5Q,0
2020-09-15,57xSclHUn5Q,0
2020-09-16,57xSclHUn5Q,0
2020-09-17,57xSclHUn5Q,0
2020-09-18,57xSclHUn5Q,0
2020-09-19,57xSclHUn5Q,0
2020-09-20,57xSclHUn5Q,0
2020-09-21,57xSclHUn5Q,0
2020-09-22,57xSclHUn5Q,0
2020-09-23,57xSclHUn5Q,0
2020-09-24,57xSclHUn5Q,0
2020-09-25,57xSclHUn5Q,0
2020-09-26,57xSclHUn5Q,0
2020-09-27,57xSclHUn5Q,0
2020-09-28,57xSclHUn5Q,0
2020-09-29,57xSclHUn5Q,1
2020-09-30,57xSclHUn5Q,0
2020-10-01,57xSclHUn5Q,0
2020-10-02,57xSclHUn5Q,0
2020-10-03,57xSclHUn5Q,0
2020-10-04,57xSclHUn5Q,0
2020-10-05,57xSclHUn5Q,0
2020-10-06,57xSclHUn5Q,0
2020-10-07,57xSclHUn5Q,0
2020-10-08,57xSclHUn5Q,1
2020-10-09,57xSclHUn5Q,0
2020-10-10,57xSclHUn5Q,0
2020-10-11,57xSclHUn5Q,0
2020-10-12,57xSclHUn5Q,0
2020-10-13,57xSclHUn5Q,0
2020-10-14,57xSclHUn5Q,0
2020-10-15,57xSclHUn5Q,0
2020-10-16,57xSclHUn5Q,0
2020-10-17,57xSclHUn5Q,0
2020-10-18,57xSclHUn5Q,0
2020-10-19,57xSclHUn5Q,0
2020-10-20,57xSclHUn5Q,0
2020-10-21,57xSclHUn5Q,0
2020-10-22,57xSclHUn5Q,0
2020-10-23,57xSclHUn5Q,0
2020-10-24,57xSclHUn5Q,0
2020-10-25,57xSclHUn5Q,0
2020-10-26,57xSclHUn5Q,0
2020-10-27,57xSclHUn5Q,0
2020-10-28,57xSclHUn5Q,0
2020-10-29,57xSclHUn5Q,0
2020-10-30,57xSclHUn5Q,0
2020-10-31,57xSclHUn5Q,0
2020-11-01,57xSclHUn5Q,0
2020-11-02,57xSclHUn5Q,0
2020-11-03,57xSclHUn5Q,0
2020-11-04,57xSclHUn5Q,0
2020-11-05,57xSclHUn5Q,0
2020-11-06,57xSclHUn5Q,0
2020-11-07,57xSclHUn5Q,0
2020-11-08,57xSclHUn5Q,0
2020-11-09,57xSclHUn5Q,0
2020-11-10,57xSclHUn5Q,0
2020-11-11,57xSclHUn5Q,0
2020-11-12,57xSclHUn5Q,0
2020-11-13,57xSclHUn5Q,0
2020-11-14,57xSclHUn5Q,0
2020-11-15,57xSclHUn5Q,0
2020-11-16,57xSclHUn5Q,0
2020-11-17,57xSclHUn5Q,0
2020-11-18,57xSclHUn5Q,0
2020-11-19,57xSclHUn5Q,0
2020-11-20,57xSclHUn5Q,0
2020-11-21,57xSclHUn5Q,0
2020-11-22,57xSclHUn5Q,0
2020-11-23,57xSclHUn5Q,0
2020-11-24,57xSclHUn5Q,0
2020-11-25,57xSclHUn5Q,0
2020-11-26,57xSclHUn5Q,0
2020-11-27,57xSclHUn5Q,0
2020-11-28,57xSclHUn5Q,0
2020-11-29,57xSclHUn5Q,0
2020-11-30,57xSclHUn5Q,0
2020-12-01,57xSclHUn5Q,1
2020-12-02,57xSclHUn5Q,0
2020-12-03,57xSclHUn5Q,0
2020-12-04,57xSclHUn5Q,0
2020-12-05,57xSclHUn5Q,0
2020-12-06,57xSclHUn5Q,0
2020-12-07,57xSclHUn5Q,0
2020-12-08,57xSclHUn5Q,0
2020-12-09,57xSclHUn5Q,0
2020-12-10,57xSclHUn5Q,0
2020-12-11,57xSclHUn5Q,0
2020-04-01,7grWxjb6M1Q,0
2020-04-02,7grWxjb6M1Q,0
2020-04-03,7grWxjb6M1Q,0
2020-04-04,7grWxjb6M1Q,0
2020-04-05,7grWxjb6M1Q,0
2020-04-06,7grWxjb6M1Q,0
2020-04-07,7grWxjb6M1Q,0
2020-04-08,7grWxjb6M1Q,2
2020-04-09,7grWxjb6M1Q,0
2020-04-10,7grWxjb6M1Q,0
2020-04-11,7grWxjb6M1Q,0
2020-04-12,7grWxjb6M1Q,0
2020-04-13,7grWxjb6M1Q,0
2020-04-14,7grWxjb6M1Q,0
2020-04-15,7grWxjb6M1Q,0
2020-04-16,7grWxjb6M1Q,1
2020-04-17,7grWxjb6M1Q,0
2020-04-18,7grWxjb6M1Q,0
2020-04-19,7grWxjb6M1Q,0
2020-04-20,7grWxjb6M1Q,0
2020-04-21,7grWxjb6M1Q,0
2020-04-22,7grWxjb6M1Q,0
2020-04-23,7grWxjb6M1Q,0
2020-04-24,7grWxjb6M1Q,0
2020-04-25,7grWxjb6M1Q,0
2020-04-26,7grWxjb6M1Q,0
2020-04-27,7grWxjb6M1Q,0
2020-04-28,7grWxjb6M1Q,0
2020-04-29,7grWxjb6M1Q,0
2020-04-30,7grWxjb6M1Q,0
2020-05-01,7grWxjb6M1Q,0
2020-05-02,7grWxjb6M1Q,0
2020-05-03,7grWxjb6M1Q,0
2020-05-04,7grWxjb6M1Q,0
2020-05-05,7grWxjb6M1Q,0
2020-05-06,7grWxjb6M1Q,0
2020-05-07,7grWxjb6M1Q,0
2020-05-08,7grWxjb6M1Q,0
2020-05-09,7grWxjb6M1Q,0
2020-05-10,7grWxjb6M1Q,0
2020-05-11,7grWxjb6M1Q,0
2020-05-12,7grWxjb6M1Q,0
2020-05-13,7grWxjb6M1Q,0
2020-05-14,7grWxjb6M1Q,0
2020-05-15,7grWxjb6M1Q,0
2020-05-16,7grWxjb6M1Q,0
2020-05-17,7grWxjb6M1Q,0
2020-05-18,7grWxjb6M1Q,0
2020-05-19,7grWxjb6M1Q,1
2020-05-20,7grWxjb6M1Q,0
2020-05-21,7grWxjb6M1Q,0
2020-05-22,7grWxjb6M1Q,0
2020-05-23,7grWxjb6M1Q,0
2020-05-24,7grWxjb6M1Q,0
2020-05-25,7grWxjb6M1Q,0
2020-05-26,7grWxjb6M1Q,0
2020-05-27,7grWxjb6M1Q,0
2020-05-28,7grWxjb6M1Q,0
2020-05-29,7grWxjb6M1Q,0
2020-05-30,7grWxjb6M1Q,0
2020-05-31,7grWxjb6M1Q,0
2020-06-01,7grWxjb6M1Q,0
2020-06-02,7grWxjb6M1Q,0
2020-06-03,7grWxjb6M1Q,0
2020-06-04,7grWxjb6M1Q,0
2020-06-05,7grWxjb6M1Q,0
2020-06-06,7grWxjb6M1Q,0
2020-06-07,7grWxjb6M1Q,0
2020-06-08,7grWxjb6M1Q,0
2020-06-09,7grWxjb6M1Q,0
2020-06-10,7grWxjb6M1Q,0
2020-06-11,7grWxjb6M1Q,0
2020-06-12,7grWxjb6M1Q,0
2020-06-13,7grWxjb6M1Q,0
2020-06-14,7grWxjb6M1Q,0
2020-06-15,7grWxjb6M1Q,0
2020-06-16,7grWxjb6M1Q,0
2020-06-17,7grWxjb6M1Q,0
2020-06-18,7grWxjb6M1Q,0
2020-06-19,7grWxjb6M1Q,0
2020-06-20,7grWxjb6M1Q,0
2020-06-21,7grWxjb6M1Q,0
2020-06-22,7grWxjb6M1Q,0
2020-06-23,7grWxjb6M1Q,0
2020-06-24,7grWxjb6M1Q,0
2020-06-25,7grWxjb6M1Q,0
2020-06-26,7grWxjb6M1Q,0
2020-06-27,7grWxjb6M1Q,0
2020-06-28,7grWxjb6M1Q,0
2020-06-29,7grWxjb6M1Q,0
2020-06-30,7grWxjb6M1Q,0
2020-07-01,7grWxjb6M1Q,0
2020-07-02,7grWxjb6M1Q,0
2020-07-03,7grWxjb6M1Q,0
2020-07-04,7grWxjb6M1Q,0
2020-07-05,7grWxjb6M1Q,0
2020-07-06,7grWxjb6M1Q,0
2020-07-07,7grWxjb6M1Q,0
2020-07-08,7grWxjb6M1Q,0
2020-07-09,7grWxjb6M1Q,0
2020-07-10,7grWxjb6M1Q,0
2020-07-11,7grWxjb6M1Q,0
2020-07-12,7grWxjb6M1Q,0
2020-07-13,7grWxjb6M1Q,0
2020-07-14,7grWxjb6M1Q,0
2020-07-15,7grWxjb6M1Q,0
2020-07-16,7grWxjb6M1Q,0
2020-07-17,7grWxjb6M1Q,0
2020-07-18,7grWxjb6M1Q,0
2020-07-19,7grWxjb6M1Q,0
2020-07-20,7grWxjb6M1Q,0
2020-07-21,7grWxjb6M1Q,0
2020-07-22,7grWxjb6M1Q,0
2020-07-23,7grWxjb6M1Q,0
2020-07-24,7grWxjb6M1Q,0
2020-07-25,7grWxjb6M1Q,0
2020-07-26,7grWxjb6M1Q,0
2020-07-27,7grWxjb6M1Q,0
2020-07-28,7grWxjb6M1Q,0
2020-07-29,7grWxjb6M1Q,0
2020-07-30,7grWxjb6M1Q,0
2020-07-31,7grWxjb6M1Q,0
2020-08-01,7grWxjb6M1Q,0
2020-08-02,7grWxjb6M1Q,0
2020-08-03,7grWxjb6M1Q,0
2020-08-04,7grWxjb6M1Q,0
2020-08-05,7grWxjb6M1Q,1
2020-08-06,7grWxjb6M1Q,0
2020-08-07,7grWxjb6M1Q,0
2020-08-08,7grWxjb6M1Q,0
2020-08-09,7grWxjb6M1Q,0
2020-08-10,7grWxjb6M1Q,0
2020-08-11,7grWxjb6M1Q,0
2020-08-12,7grWxjb6M1Q,0
2020-08-13,7grWxjb6M1Q,0
2020-08-14,7grWxjb6M1Q,0
2020-08-15,7grWxjb6M1Q,0
2020-08-16,7grWxjb6M1Q,0
2020-08-17,7grWxjb6M1Q,0
2020-08-18,7grWxjb6M1Q,0
2020-08-19,7grWxjb6M1Q,0
2020-08-20,7grWxjb6M1Q,0
2020-08-21,7grWxjb6M1Q,0
2020-08-22,7grWxjb6M1Q,0
2020-08-23,7grWxjb6M1Q,0
2020-08-24,7grWxjb6M1Q,0
2020-08-25,7grWxjb6M1Q,0
2020-08-26,7grWxjb6M1Q,0
2020-08-27,7grWxjb6M1Q,0
2020-08-28,7grWxjb6M1Q,0
2020-08-29,7grWxjb6M1Q,0
2020-08-30,7grWxjb6M1Q,0
2020-08-31,7grWxjb6M1Q,0
2020-09-01,7grWxjb6M1Q,0
2020-09-02,7grWxjb6M1Q,0
2020-09-03,7grWxjb6M1Q,0
2020-09-04,7grWxjb6M1Q,0
2020-09-05,7grWxjb6M1Q,0
2020-09-06,7grWxjb6M1Q,0
2020-09-07,7grWxjb6M1Q,0
2020-09-08,7grWxjb6M1Q,0
2020-09-09,7grWxjb6M1Q,0
2020-09-10,7grWxjb6M1Q,0
2020-09-11,7grWxjb6M1Q,0
2020-09-12,7grWxjb6M1Q,0
2020-09-13,7grWxjb6M1Q,0
2020-09-14,7grWxjb6M1Q,0
2020-09-15,7grWxjb6M1Q,0
2020-09-16,7grWxjb6M1Q,0
2020-09-17,7grWxjb6M1Q,0
2020-09-18,7grWxjb6M1Q,1
2020-09-19,7grWxjb6M1Q,0
2020-09-20,7grWxjb6M1Q,0
2020-09-21,7grWxjb6M1Q,0
2020-09-22,7grWxjb6M1Q,0
2020-09-23,7grWxjb6M1Q,0
2020-09-24,7grWxjb6M1Q,0
2020-09-25,7grWxjb6M1Q,0
2020-09-26,7grWxjb6M1Q,0
2020-09-27,7grWxjb6M1Q,0
2020-09-28,7grWxjb6M1Q,0
2020-09-29,7grWxjb6M1Q,0
2020-09-30,7grWxjb6M1Q,0
2020-10-01,7grWxjb6M1Q,0
2020-10-02,7grWxjb6M1Q,0
2020-10-03,7grWxjb6M1Q,0
2020-10-04,7grWxjb6M1Q,0
2020-10-05,7grWxjb6M1Q,1
2020-10-06,7grWxjb6M1Q,0
2020-10-07,7grWxjb6M1Q,0
2020-10-08,7grWxjb6M1Q,0
2020-10-09,7grWxjb6M1Q,0
2020-10-10,7grWxjb6M1Q,1
2020-10-11,7grWxjb6M1Q,0
2020-10-12,7grWxjb6M1Q,0
2020-10-13,7grWxjb6M1Q,0
2020-10-14,7grWxjb6M1Q,0
2020-10-15,7grWxjb6M1Q,0
2020-10-16,7grWxjb6M1Q,0
2020-10-17,7grWxjb6M1Q,0
2020-10-18,7grWxjb6M1Q,0
2020-10-19,7grWxjb6M1Q,0
2020-10-20,7grWxjb6M1Q,0
2020-10-21,7grWxjb6M1Q,0
2020-10-22,7grWxjb6M1Q,0
2020-10-23,7grWxjb6M1Q,0
2020-10-24,7grWxjb6M1Q,0
2020-10-25,7grWxjb6M1Q,0
2020-10-26,7grWxjb6M1Q,0
2020-10-27,7grWxjb6M1Q,0
2020-10-28,7grWxjb6M1Q,0
2020-10-29,7grWxjb6M1Q,0
2020-10-30,7grWxjb6M1Q,0
2020-10-31,7grWxjb6M1Q,0
2020-11-01,7grWxjb6M1Q,0
2020-11-02,7grWxjb6M1Q,0
2020-11-03,7grWxjb6M1Q,0
2020-11-04,7grWxjb6M1Q,0
2020-11-05,7grWxjb6M1Q,0
2020-11-06,7grWxjb6M1Q,0
2020-11-07,7grWxjb6M1Q,0
2020-11-08,7grWxjb6M1Q,0
2020-11-09,7grWxjb6M1Q,0
2020-11-10,7grWxjb6M1Q,0
2020-11-11,7grWxjb6M1Q,0
2020-11-12,7grWxjb6M1Q,0
2020-11-13,7grWxjb6M1Q,0
2020-11-14,7grWxjb6M1Q,0
2020-11-15,7grWxjb6M1Q,0
2020-11-16,7grWxjb6M1Q,0
2020-11-17,7grWxjb6M1Q,0
2020-11-18,7grWxjb6M1Q,0
2020-11-19,7grWxjb6M1Q,0
2020-11-20,7grWxjb6M1Q,0
2020-11-21,7grWxjb6M1Q,0
2020-11-22,7grWxjb6M1Q,0
2020-11-23,7grWxjb6M1Q,0
2020-11-24,7grWxjb6M1Q,0
2020-11-25,7grWxjb6M1Q,0
2020-11-26,7grWxjb6M1Q,0
2020-11-27,7grWxjb6M1Q,0
2020-11-28,7grWxjb6M1Q,0
2020-11-29,7grWxjb6M1Q,0
2020-11-30,7grWxjb6M1Q,0
2020-12-01,7grWxjb6M1Q,0
2020-12-02,7grWxjb6M1Q,0
2020-12-03,7grWxjb6M1Q,0
2020-12-04,7grWxjb6M1Q,0
2020-12-05,7grWxjb6M1Q,0
2020-12-06,7grWxjb6M1Q,0
2020-12-07,7grWxjb6M1Q,0
2020-12-08,7grWxjb6M1Q,0
2020-12-09,7grWxjb6M1Q,0
2020-12-10,7grWxjb6M1Q,0
2020-12-11,7grWxjb6M1Q,0
2020-04-01,83BnzNllyv8,0
2020-04-02,83BnzNllyv8,0
2020-04-03,83BnzNllyv8,0
2020-04-04,83BnzNllyv8,0
2020-04-05,83BnzNllyv8,0
2020-04-06,83BnzNllyv8,0
2020-04-07,83BnzNllyv8,0
2020-04-08,83BnzNllyv8,0
2020-04-09,83BnzNllyv8,0
2020-04-10,83BnzNllyv8,0
2020-04-11,83BnzNllyv8,0
2020-04-12,83BnzNllyv8,0
2020-04-13,83BnzNllyv8,0
2020-04-14,83BnzNllyv8,0
2020-04-15,83BnzNllyv8,0
2020-04-16,83BnzNllyv8,0
2020-04-17,83BnzNllyv8,0
2020-04-18,83BnzNllyv8,0
2020-04-19,83BnzNllyv8,0
2020-04-20,83BnzNllyv8,0
2020-04-21,83BnzNllyv8,0
2020-04-22,83BnzNllyv8,0
2020-04-23,83BnzNllyv8,0
2020-04-24,83BnzNllyv8,0
2020-04-25,83BnzNllyv8,0
2020-04-26,83BnzNllyv8,0
2020-04-27,83BnzNllyv8,0
2020-04-28,83BnzNllyv8,0
2020-04-29,83BnzNllyv8,0
2020-04-30,83BnzNllyv8,0
2020-05-01,83BnzNllyv8,0
2020-05-02,83BnzNllyv8,0
2020-05-03,83BnzNllyv8,0
2020-05-04,83BnzNllyv8,0
2020-05-05,83BnzNllyv8,0
2020-05-06,83BnzNllyv8,0
2020-05-07,83BnzNllyv8,0
2020-05-08,83BnzNllyv8,0
2020-05-09,83BnzNllyv8,0
2020-05-10,83BnzNllyv8,0
2020-05-11,83BnzNllyv8,0
2020-05-12,83BnzNllyv8,0
2020-05-13,83BnzNllyv8,0
2020-05-14,83BnzNllyv8,0
2020-05-15,83BnzNllyv8,0
2020-05-16,83BnzNllyv8,0
2020-05-17,83BnzNllyv8,0
2020-05-18,83BnzNllyv8,0
2020-05-19,83BnzNllyv8,0
2020-05-20,83BnzNllyv8,0
2020-05-21,83BnzNllyv8,0
2020-05-22,83BnzNllyv8,0
2020-05-23,83BnzNllyv8,0
2020-05-24,83BnzNllyv8,0
2020-05-25,83BnzNllyv8,0
2020-05-26,83BnzNllyv8,0
2020-05-27,83BnzNllyv8,0
2020-05-28,83BnzNllyv8,0
2020-05-29,83BnzNllyv8,0
2020-05-30,83BnzNllyv8,0
2020-05-31,83BnzNllyv8,0
2020-06-01,83BnzNllyv8,0
2020-06-02,83BnzNllyv8,0
2020-06-03,83BnzNllyv8,0
2020-06-04,83BnzNllyv8,0
2020-06-05,83BnzNllyv8,0
2020-06-06,83BnzNllyv8,0
2020-06-07,83BnzNllyv8,0
2020-06-08,83BnzNllyv8,0
2020-06-09,83BnzNllyv8,0
2020-06-10,83BnzNllyv8,0
2020-06-11,83BnzNllyv8,0
2020-06-12,83BnzNllyv8,0
2020-06-13,83BnzNllyv8,0
2020-06-14,83BnzNllyv8,0
2020-06-15,83BnzNllyv8,0
2020-06-16,83BnzNllyv8,0
2020-06-17,83BnzNllyv8,0
2020-06-18,83BnzNllyv8,0
2020-06-19,83BnzNllyv8,0
2020-06-20,83BnzNllyv8,0
2020-06-21,83BnzNllyv8,0
2020-06-22,83BnzNllyv8,0
2020-06-23,83BnzNllyv8,0
2020-06-24,83BnzNllyv8,0
2020-06-25,83BnzNllyv8,0
2020-06-26,83BnzNllyv8,0
2020-06-27,83BnzNllyv8,0
2020-06-28,83BnzNllyv8,0
2020-06-29,83BnzNllyv8,0
2020-06-30,83BnzNllyv8,0
2020-07-01,83BnzNllyv8,0
2020-07-02,83BnzNllyv8,0
2020-07-03,83BnzNllyv8,0
2020-07-04,83BnzNllyv8,0
2020-07-05,83BnzNllyv8,0
2020-07-06,83BnzNllyv8,0
2020-07-07,83BnzNllyv8,0
2020-07-08,83BnzNllyv8,0
2020-07-09,83BnzNllyv8,0
2020-07-10,83BnzNllyv8,0
2020-07-11,83BnzNllyv8,0
2020-07-12,83BnzNllyv8,0
2020-07-13,83BnzNllyv8,0
2020-07-14,83BnzNllyv8,0
2020-07-15,83BnzNllyv8,0
2020-07-16,83BnzNllyv8,0
2020-07-17,83BnzNllyv8,0
2020-07-18,83BnzNllyv8,0
2020-07-19,83BnzNllyv8,0
2020-07-20,83BnzNllyv8,0
2020-07-21,83BnzNllyv8,0
2020-07-22,83BnzNllyv8,0
2020-07-23,83BnzNllyv8,0
2020-07-24,83BnzNllyv8,0
2020-07-25,83BnzNllyv8,0
2020-07-26,83BnzNllyv8,0
2020-07-27,83BnzNllyv8,0
2020-07-28,83BnzNllyv8,0
2020-07-29,83BnzNllyv8,0
2020-07-30,83BnzNllyv8,0
2020-07-31,83BnzNllyv8,0
2020-08-01,83BnzNllyv8,0
2020-08-02,83BnzNllyv8,0
2020-08-03,83BnzNllyv8,0
2020-08-04,83BnzNllyv8,0
2020-08-05,83BnzNllyv8,0
2020-08-06,83BnzNllyv8,0
2020-08-07,83BnzNllyv8,0
2020-08-08,83BnzNllyv8,0
2020-08-09,83BnzNllyv8,0
2020-08-10,83BnzNllyv8,0
2020-08-11,83BnzNllyv8,0
2020-08-12,83BnzNllyv8,0
2020-08-13,83BnzNllyv8,0
2020-08-14,83BnzNllyv8,0
2020-08-15,83BnzNllyv8,0
2020-08-16,83BnzNllyv8,0
2020-08-17,83BnzNllyv8,0
2020-08-18,83BnzNllyv8,0
2020-08-19,83BnzNllyv8,0
2020-08-20,83BnzNllyv8,0
2020-08-21,83BnzNllyv8,0
2020-08-22,83BnzNllyv8,0
2020-08-23,83BnzNllyv8,0
2020-08-24,83BnzNllyv8,0
2020-08-25,83BnzNllyv8,0
2020-08-26,83BnzNllyv8,0
2020-08-27,83BnzNllyv8,0
2020-08-28,83BnzNllyv8,0
2020-08-29,83BnzNllyv8,0
2020-08-30,83BnzNllyv8,0
2020-08-31,83BnzNllyv8,0
2020-09-01,83BnzNllyv8,0
2020-09-02,83BnzNllyv8,0
2020-09-03,83BnzNllyv8,0
2020-09-04,83BnzNllyv8,0
2020-09-05,83BnzNllyv8,0
2020-09-06,83BnzNllyv8,0
2020-09-07,83BnzNllyv8,0
2020-09-08,83BnzNllyv8,0
2020-09-09,83BnzNllyv8,0
2020-09-10,83BnzNllyv8,0
2020-09-11,83BnzNllyv8,0
2020-09-12,83BnzNllyv8,0
2020-09-13,83BnzNllyv8,0
2020-09-14,83BnzNllyv8,0
2020-09-15,83BnzNllyv8,0
2020-09-16,83BnzNllyv8,0
2020-09-17,83BnzNllyv8,0
2020-09-18,83BnzNllyv8,0
2020-09-19,83BnzNllyv8,0
2020-09-20,83BnzNllyv8,0
2020-09-21,83BnzNllyv8,0
2020-09-22,83BnzNllyv8,0
2020-09-23,83BnzNllyv8,0
2020-09-24,83BnzNllyv8,0
2020-09-25,83BnzNllyv8,0
2020-09-26,83BnzNllyv8,0
2020-09-27,83BnzNllyv8,0
2020-09-28,83BnzNllyv8,0
2020-09-29,83BnzNllyv8,0
2020-09-30,83BnzNllyv8,0
2020-10-01,83BnzNllyv8,0
2020-10-02,83BnzNllyv8,0
2020-10-03,83BnzNllyv8,0
2020-10-04,83BnzNllyv8,0
2020-10-05,83BnzNllyv8,0
2020-10-06,83BnzNllyv8,0
2020-10-07,83BnzNllyv8,0
2020-10-08,83BnzNllyv8,0
2020-10-09,83BnzNllyv8,0
2020-10-10,83BnzNllyv8,0
2020-10-11,83BnzNllyv8,0
2020-10-12,83BnzNllyv8,0
2020-10-13,83BnzNllyv8,0
2020-10-14,83BnzNllyv8,0
2020-10-15,83BnzNllyv8,0
2020-10-16,83BnzNllyv8,0
2020-10-17,83BnzNllyv8,0
2020-10-18,83BnzNllyv8,0
2020-10-19,83BnzNllyv8,0
2020-10-20,83BnzNllyv8,0
2020-10-21,83BnzNllyv8,0
2020-10-22,83BnzNllyv8,0
2020-10-23,83BnzNllyv8,0
2020-10-24,83BnzNllyv8,0
2020-10-25,83BnzNllyv8,0
2020-10-26,83BnzNllyv8,0
2020-10-27,83BnzNllyv8,0
2020-10-28,83BnzNllyv8,0
2020-10-29,83BnzNllyv8,0
2020-10-30,83BnzNllyv8,0
2020-10-31,83BnzNllyv8,0
2020-11-01,83BnzNllyv8,0
2020-11-02,83BnzNllyv8,0
2020-11-03,83BnzNllyv8,0
2020-11-04,83BnzNllyv8,0
2020-11-05,83BnzNllyv8,0
2020-11-06,83BnzNllyv8,0
2020-11-07,83BnzNllyv8,0
2020-11-08,83BnzNllyv8,0
2020-11-09,83BnzNllyv8,0
2020-11-10,83BnzNllyv8,0
2020-11-11,83BnzNllyv8,0
2020-11-12,83BnzNllyv8,0
2020-11-13,83BnzNllyv8,0
2020-11-14,83BnzNllyv8,0
2020-11-15,83BnzNllyv8,0
2020-11-16,83BnzNllyv8,0
2020-11-17,83BnzNllyv8,0
2020-11-18,83BnzNllyv8,0
2020-11-19,83BnzNllyv8,0
2020-11-20,83BnzNllyv8,0
2020-11-21,83BnzNllyv8,0
2020-11-22,83BnzNllyv8,0
2020-11-23,83BnzNllyv8,0
2020-11-24,83BnzNllyv8,0
2020-11-25,83BnzNllyv8,0
2020-11-26,83BnzNllyv8,0
2020-11-27,83BnzNllyv8,0
2020-11-28,83BnzNllyv8,0
2020-11-29,83BnzNllyv8,0
2020-11-30,83BnzNllyv8,0
2020-12-01,83BnzNllyv8,9
2020-12-02,83BnzNllyv8,0
2020-12-03,83BnzNllyv8,1
2020-12-04,83BnzNllyv8,0
2020-12-05,83BnzNllyv8,0
2020-12-06,83BnzNllyv8,0
2020-12-07,83BnzNllyv8,0
2020-12-08,83BnzNllyv8,0
2020-12-09,83BnzNllyv8,0
2020-12-10,83BnzNllyv8,0
2020-12-11,83BnzNllyv8,0
2020-04-01,FehNFhqwWJ0,0
2020-04-02,FehNFhqwWJ0,0
2020-04-03,FehNFhqwWJ0,0
2020-04-04,FehNFhqwWJ0,0
2020-04-05,FehNFhqwWJ0,0
2020-04-06,FehNFhqwWJ0,0
2020-04-07,FehNFhqwWJ0,0
2020-04-08,FehNFhqwWJ0,0
2020-04-09,FehNFhqwWJ0,0
2020-04-10,FehNFhqwWJ0,0
2020-04-11,FehNFhqwWJ0,0
2020-04-12,FehNFhqwWJ0,0
2020-04-13,FehNFhqwWJ0,0
2020-04-14,FehNFhqwWJ0,0
2020-04-15,FehNFhqwWJ0,0
2020-04-16,FehNFhqwWJ0,0
2020-04-17,FehNFhqwWJ0,0
2020-04-18,FehNFhqwWJ0,0
2020-04-19,FehNFhqwWJ0,0
2020-04-20,FehNFhqwWJ0,0
2020-04-21,FehNFhqwWJ0,0
2020-04-22,FehNFhqwWJ0,0
2020-04-23,FehNFhqwWJ0,0
2020-04-24,FehNFhqwWJ0,0
2020-04-25,FehNFhqwWJ0,0
2020-04-26,FehNFhqwWJ0,0
2020-04-27,FehNFhqwWJ0,0
2020-04-28,FehNFhqwWJ0,0
2020-04-29,FehNFhqwWJ0,0
2020-04-30,FehNFhqwWJ0,0
2020-05-01,FehNFhqwWJ0,0
2020-05-02,FehNFhqwWJ0,0
2020-05-03,FehNFhqwWJ0,0
2020-05-04,FehNFhqwWJ0,0
2020-05-05,FehNFhqwWJ0,0
2020-05-06,FehNFhqwWJ0,0
2020-05-07,FehNFhqwWJ0,0
2020-05-08,FehNFhqwWJ0,0
2020-05-09,FehNFhqwWJ0,0
2020-05-10,FehNFhqwWJ0,0
2020-05-11,FehNFhqwWJ0,0
2020-05-12,FehNFhqwWJ0,0
2020-05-13,FehNFhqwWJ0,0
2020-05-14,FehNFhqwWJ0,0
2020-05-15,FehNFhqwWJ0,0
2020-05-16,FehNFhqwWJ0,0
2020-05-17,FehNFhqwWJ0,0
2020-05-18,FehNFhqwWJ0,0
2020-05-19,FehNFhqwWJ0,0
2020-05-20,FehNFhqwWJ0,0
2020-05-21,FehNFhqwWJ0,0
2020-05-22,FehNFhqwWJ0,0
2020-05-23,FehNFhqwWJ0,0
2020-05-24,FehNFhqwWJ0,0
2020-05-25,FehNFhqwWJ0,0
2020-05-26,FehNFhqwWJ0,0
2020-05-27,FehNFhqwWJ0,0
2020-05-28,FehNFhqwWJ0,0
2020-05-29,FehNFhqwWJ0,0
2020-05-30,FehNFhqwWJ0,0
2020-05-31,FehNFhqwWJ0,0
2020-06-01,FehNFhqwWJ0,0
2020-06-02,FehNFhqwWJ0,0
2020-06-03,FehNFhqwWJ0,0
2020-06-04,FehNFhqwWJ0,0
2020-06-05,FehNFhqwWJ0,0
2020-06-06,FehNFhqwWJ0,0
2020-06-07,FehNFhqwWJ0,0
2020-06-08,FehNFhqwWJ0,0
2020-06-09,FehNFhqwWJ0,0
2020-06-10,FehNFhqwWJ0,0
2020-06-11,FehNFhqwWJ0,0
2020-06-12,FehNFhqwWJ0,0
2020-06-13,FehNFhqwWJ0,0
2020-06-14,FehNFhqwWJ0,0
2020-06-15,FehNFhqwWJ0,0
2020-06-16,FehNFhqwWJ0,0
2020-06-17,FehNFhqwWJ0,0
2020-06-18,FehNFhqwWJ0,0
2020-06-19,FehNFhqwWJ0,0
2020-06-20,FehNFhqwWJ0,0
2020-06-21,FehNFhqwWJ0,0
2020-06-22,FehNFhqwWJ0,0
2020-06-23,FehNFhqwWJ0,0
2020-06-24,FehNFhqwWJ0,0
2020-06-25,FehNFhqwWJ0,0
2020-06-26,FehNFhqwWJ0,0
2020-06-27,FehNFhqwWJ0,0
2020-06-28,FehNFhqwWJ0,0
2020-06-29,FehNFhqwWJ0,0
2020-06-30,FehNFhqwWJ0,0
2020-07-01,FehNFhqwWJ0,0
2020-07-02,FehNFhqwWJ0,0
2020-07-03,FehNFhqwWJ0,0
2020-07-04,FehNFhqwWJ0,0
2020-07-05,FehNFhqwWJ0,0
2020-07-06,FehNFhqwWJ0,0
2020-07-07,FehNFhqwWJ0,0
2020-07-08,FehNFhqwWJ0,0
2020-07-09,FehNFhqwWJ0,0
2020-07-10,FehNFhqwWJ0,0
2020-07-11,FehNFhqwWJ0,0
2020-07-12,FehNFhqwWJ0,0
2020-07-13,FehNFhqwWJ0,0
2020-07-14,FehNFhqwWJ0,0
2020-07-15,FehNFhqwWJ0,0
2020-07-16,FehNFhqwWJ0,0
2020-07-17,FehNFhqwWJ0,0
2020-07-18,FehNFhqwWJ0,0
2020-07-19,FehNFhqwWJ0,0
2020-07-20,FehNFhqwWJ0,0
2020-07-21,FehNFhqwWJ0,0
2020-07-22,FehNFhqwWJ0,0
2020-07-23,FehNFhqwWJ0,0
2020-07-24,FehNFhqwWJ0,0
2020-07-25,FehNFhqwWJ0,0
2020-07-26,FehNFhqwWJ0,0
2020-07-27,FehNFhqwWJ0,0
2020-07-28,FehNFhqwWJ0,0
2020-07-29,FehNFhqwWJ0,0
2020-07-30,FehNFhqwWJ0,0
2020-07-31,FehNFhqwWJ0,0
2020-08-01,FehNFhqwWJ0,0
2020-08-02,FehNFhqwWJ0,0
2020-08-03,FehNFhqwWJ0,0
2020-08-04,FehNFhqwWJ0,0
2020-08-05,FehNFhqwWJ0,0
2020-08-06,FehNFhqwWJ0,0
2020-08-07,FehNFhqwWJ0,0
2020-08-08,FehNFhqwWJ0,0
2020-08-09,FehNFhqwWJ0,0
2020-08-10,FehNFhqwWJ0,0
2020-08-11,FehNFhqwWJ0,0
2020-08-12,FehNFhqwWJ0,0
2020-08-13,FehNFhqwWJ0,0
2020-08-14,FehNFhqwWJ0,0
2020-08-15,FehNFhqwWJ0,0
2020-08-16,FehNFhqwWJ0,0
2020-08-17,FehNFhqwWJ0,0
2020-08-18,FehNFhqwWJ0,0
2020-08-19,FehNFhqwWJ0,0
2020-08-20,FehNFhqwWJ0,0
2020-08-21,FehNFhqwWJ0,0
2020-08-22,FehNFhqwWJ0,0
2020-08-23,FehNFhqwWJ0,0
2020-08-24,FehNFhqwWJ0,0
2020-08-25,FehNFhqwWJ0,0
2020-08-26,FehNFhqwWJ0,0
2020-08-27,FehNFhqwWJ0,0
2020-08-28,FehNFhqwWJ0,0
2020-08-29,FehNFhqwWJ0,0
2020-08-30,FehNFhqwWJ0,0
2020-08-31,FehNFhqwWJ0,0
2020-09-01,FehNFhqwWJ0,0
2020-09-02,FehNFhqwWJ0,0
2020-09-03,FehNFhqwWJ0,0
2020-09-04,FehNFhqwWJ0,0
2020-09-05,FehNFhqwWJ0,0
2020-09-06,FehNFhqwWJ0,0
2020-09-07,FehNFhqwWJ0,0
2020-09-08,FehNFhqwWJ0,0
2020-09-09,FehNFhqwWJ0,0
2020-09-10,FehNFhqwWJ0,0
2020-09-11,FehNFhqwWJ0,0
2020-09-12,FehNFhqwWJ0,0
2020-09-13,FehNFhqwWJ0,0
2020-09-14,FehNFhqwWJ0,0
2020-09-15,FehNFhqwWJ0,0
2020-09-16,FehNFhqwWJ0,0
2020-09-17,FehNFhqwWJ0,0
2020-09-18,FehNFhqwWJ0,0
2020-09-19,FehNFhqwWJ0,0
2020-09-20,FehNFhqwWJ0,0
2020-09-21,FehNFhqwWJ0,0
2020-09-22,FehNFhqwWJ0,0
2020-09-23,FehNFhqwWJ0,0
2020-09-24,FehNFhqwWJ0,0
2020-09-25,FehNFhqwWJ0,0
2020-09-26,FehNFhqwWJ0,0
2020-09-27,FehNFhqwWJ0,0
2020-09-28,FehNFhqwWJ0,0
2020-09-29,FehNFhqwWJ0,0
2020-09-30,FehNFhqwWJ0,0
2020-10-01,FehNFhqwWJ0,0
2020-10-02,FehNFhqwWJ0,0
2020-10-03,FehNFhqwWJ0,0
2020-10-04,FehNFhqwWJ0,0
2020-10-05,FehNFhqwWJ0,0
2020-10-06,FehNFhqwWJ0,0
2020-10-07,FehNFhqwWJ0,0
2020-10-08,FehNFhqwWJ0,0
2020-10-09,FehNFhqwWJ0,0
2020-10-10,FehNFhqwWJ0,0
2020-10-11,FehNFhqwWJ0,0
2020-10-12,FehNFhqwWJ0,0
2020-10-13,FehNFhqwWJ0,0
2020-10-14,FehNFhqwWJ0,0
2020-10-15,FehNFhqwWJ0,0
2020-10-16,FehNFhqwWJ0,0
2020-10-17,FehNFhqwWJ0,0
2020-10-18,FehNFhqwWJ0,0
2020-10-19,FehNFhqwWJ0,0
2020-10-20,FehNFhqwWJ0,0
2020-10-21,FehNFhqwWJ0,0
2020-10-22,FehNFhqwWJ0,0
2020-10-23,FehNFhqwWJ0,0
2020-10-24,FehNFhqwWJ0,0
2020-10-25,FehNFhqwWJ0,0
2020-10-26,FehNFhqwWJ0,0
2020-10-27,FehNFhqwWJ0,0
2020-10-28,FehNFhqwWJ0,0
2020-10-29,FehNFhqwWJ0,0
2020-10-30,FehNFhqwWJ0,0
2020-10-31,FehNFhqwWJ0,0
2020-11-01,FehNFhqwWJ0,0
2020-11-02,FehNFhqwWJ0,0
2020-11-03,FehNFhqwWJ0,0
2020-11-04,FehNFhqwWJ0,0
2020-11-05,FehNFhqwWJ0,0
2020-11-06,FehNFhqwWJ0,0
2020-11-07,FehNFhqwWJ0,0
2020-11-08,FehNFhqwWJ0,0
2020-11-09,FehNFhqwWJ0,0
2020-11-10,FehNFhqwWJ0,0
2020-11-11,FehNFhqwWJ0,0
2020-11-12,FehNFhqwWJ0,0
2020-11-13,FehNFhqwWJ0,4
2020-11-14,FehNFhqwWJ0,1
2020-11-15,FehNFhqwWJ0,1
2020-11-16,FehNFhqwWJ0,0
2020-11-17,FehNFhqwWJ0,1
2020-11-18,FehNFhqwWJ0,0
2020-11-19,FehNFhqwWJ0,0
2020-11-20,FehNFhqwWJ0,0
2020-11-21,FehNFhqwWJ0,0
2020-11-22,FehNFhqwWJ0,0
2020-11-23,FehNFhqwWJ0,0
2020-11-24,FehNFhqwWJ0,0
2020-11-25,FehNFhqwWJ0,0
2020-11-26,FehNFhqwWJ0,0
2020-11-27,FehNFhqwWJ0,0
2020-11-28,FehNFhqwWJ0,0
2020-11-29,FehNFhqwWJ0,0
2020-11-30,FehNFhqwWJ0,0
2020-12-01,FehNFhqwWJ0,0
2020-12-02,FehNFhqwWJ0,0
2020-12-03,FehNFhqwWJ0,0
2020-12-04,FehNFhqwWJ0,0
2020-12-05,FehNFhqwWJ0,0
2020-12-06,FehNFhqwWJ0,0
2020-12-07,FehNFhqwWJ0,1
2020-12-08,FehNFhqwWJ0,0
2020-12-09,FehNFhqwWJ0,0
2020-12-10,FehNFhqwWJ0,0
2020-12-11,FehNFhqwWJ0,0
2020-04-01,Rj5GmhqGyGc,0
2020-04-02,Rj5GmhqGyGc,0
2020-04-03,Rj5GmhqGyGc,0
2020-04-04,Rj5GmhqGyGc,0
2020-04-05,Rj5GmhqGyGc,0
2020-04-06,Rj5GmhqGyGc,0
2020-04-07,Rj5GmhqGyGc,0
2020-04-08,Rj5GmhqGyGc,0
2020-04-09,Rj5GmhqGyGc,0
2020-04-10,Rj5GmhqGyGc,0
2020-04-11,Rj5GmhqGyGc,0
2020-04-12,Rj5GmhqGyGc,0
2020-04-13,Rj5GmhqGyGc,0
2020-04-14,Rj5GmhqGyGc,0
2020-04-15,Rj5GmhqGyGc,0
2020-04-16,Rj5GmhqGyGc,0
2020-04-17,Rj5GmhqGyGc,0
2020-04-18,Rj5GmhqGyGc,0
2020-04-19,Rj5GmhqGyGc,0
2020-04-20,Rj5GmhqGyGc,0
2020-04-21,Rj5GmhqGyGc,0
2020-04-22,Rj5GmhqGyGc,0
2020-04-23,Rj5GmhqGyGc,0
2020-04-24,Rj5GmhqGyGc,0
2020-04-25,Rj5GmhqGyGc,0
2020-04-26,Rj5GmhqGyGc,0
2020-04-27,Rj5GmhqGyGc,0
2020-04-28,Rj5GmhqGyGc,0
2020-04-29,Rj5GmhqGyGc,0
2020-04-30,Rj5GmhqGyGc,0
2020-05-01,Rj5GmhqGyGc,0
2020-05-02,Rj5GmhqGyGc,0
2020-05-03,Rj5GmhqGyGc,0
2020-05-04,Rj5GmhqGyGc,0
2020-05-05,Rj5GmhqGyGc,0
2020-05-06,Rj5GmhqGyGc,0
2020-05-07,Rj5GmhqGyGc,0
2020-05-08,Rj5GmhqGyGc,0
2020-05-09,Rj5GmhqGyGc,0
2020-05-10,Rj5GmhqGyGc,0
2020-05-11,Rj5GmhqGyGc,0
2020-05-12,Rj5GmhqGyGc,0
2020-05-13,Rj5GmhqGyGc,0
2020-05-14,Rj5GmhqGyGc,0
2020-05-15,Rj5GmhqGyGc,0
2020-05-16,Rj5GmhqGyGc,0
2020-05-17,Rj5GmhqGyGc,0
2020-05-18,Rj5GmhqGyGc,0
2020-05-19,Rj5GmhqGyGc,0
2020-05-20,Rj5GmhqGyGc,0
2020-05-21,Rj5GmhqGyGc,0
2020-05-22,Rj5GmhqGyGc,0
2020-05-23,Rj5GmhqGyGc,0
2020-05-24,Rj5GmhqGyGc,0
2020-05-25,Rj5GmhqGyGc,0
2020-05-26,Rj5GmhqGyGc,0
2020-05-27,Rj5GmhqGyGc,0
2020-05-28,Rj5GmhqGyGc,0
2020-05-29,Rj5GmhqGyGc,0
2020-05-30,Rj5GmhqGyGc,0
2020-05-31,Rj5GmhqGyGc,0
2020-06-01,Rj5GmhqGyGc,0
2020-06-02,Rj5GmhqGyGc,0
2020-06-03,Rj5GmhqGyGc,0
2020-06-04,Rj5GmhqGyGc,0
2020-06-05,Rj5GmhqGyGc,0
2020-06-06,Rj5GmhqGyGc,0
2020-06-07,Rj5GmhqGyGc,0
2020-06-08,Rj5GmhqGyGc,0
2020-06-09,Rj5GmhqGyGc,0
2020-06-10,Rj5GmhqGyGc,0
2020-06-11,Rj5GmhqGyGc,0
2020-06-12,Rj5GmhqGyGc,0
2020-06-13,Rj5GmhqGyGc,0
2020-06-14,Rj5GmhqGyGc,0
2020-06-15,Rj5GmhqGyGc,0
2020-06-16,Rj5GmhqGyGc,0
2020-06-17,Rj5GmhqGyGc,0
2020-06-18,Rj5GmhqGyGc,0
2020-06-19,Rj5GmhqGyGc,0
2020-06-20,Rj5GmhqGyGc,0
2020-06-21,Rj5GmhqGyGc,0
2020-06-22,Rj5GmhqGyGc,0
2020-06-23,Rj5GmhqGyGc,0
2020-06-24,Rj5GmhqGyGc,0
2020-06-25,Rj5GmhqGyGc,0
2020-06-26,Rj5GmhqGyGc,0
2020-06-27,Rj5GmhqGyGc,0
2020-06-28,Rj5GmhqGyGc,0
2020-06-29,Rj5GmhqGyGc,0
2020-06-30,Rj5GmhqGyGc,0
2020-07-01,Rj5GmhqGyGc,0
2020-07-02,Rj5GmhqGyGc,0
2020-07-03,Rj5GmhqGyGc,0
2020-07-04,Rj5GmhqGyGc,0
2020-07-05,Rj5GmhqGyGc,0
2020-07-06,Rj5GmhqGyGc,0
2020-07-07,Rj5GmhqGyGc,0
2020-07-08,Rj5GmhqGyGc,0
2020-07-09,Rj5GmhqGyGc,0
2020-07-10,Rj5GmhqGyGc,0
2020-07-11,Rj5GmhqGyGc,0
2020-07-12,Rj5GmhqGyGc,0
2020-07-13,Rj5GmhqGyGc,0
2020-07-14,Rj5GmhqGyGc,0
2020-07-15,Rj5GmhqGyGc,0
2020-07-16,Rj5GmhqGyGc,0
2020-07-17,Rj5GmhqGyGc,0
2020-07-18,Rj5GmhqGyGc,0
2020-07-19,Rj5GmhqGyGc,0
2020-07-20,Rj5GmhqGyGc,0
2020-07-21,Rj5GmhqGyGc,0
2020-07-22,Rj5GmhqGyGc,0
2020-07-23,Rj5GmhqGyGc,0
2020-07-24,Rj5GmhqGyGc,0
2020-07-25,Rj5GmhqGyGc,0
2020-07-26,Rj5GmhqGyGc,0
2020-07-27,Rj5GmhqGyGc,0
2020-07-28,Rj5GmhqGyGc,0
2020-07-29,Rj5GmhqGyGc,0
2020-07-30,Rj5GmhqGyGc,0
2020-07-31,Rj5GmhqGyGc,0
2020-08-01,Rj5GmhqGyGc,0
2020-08-02,Rj5GmhqGyGc,0
2020-08-03,Rj5GmhqGyGc,0
2020-08-04,Rj5GmhqGyGc,0
2020-08-05,Rj5GmhqGyGc,0
2020-08-06,Rj5GmhqGyGc,0
2020-08-07,Rj5GmhqGyGc,0
2020-08-08,Rj5GmhqGyGc,0
2020-08-09,Rj5GmhqGyGc,0
2020-08-10,Rj5GmhqGyGc,0
2020-08-11,Rj5GmhqGyGc,0
2020-08-12,Rj5GmhqGyGc,0
2020-08-13,Rj5GmhqGyGc,0
2020-08-14,Rj5GmhqGyGc,0
2020-08-15,Rj5GmhqGyGc,0
2020-08-16,Rj5GmhqGyGc,0
2020-08-17,Rj5GmhqGyGc,0
2020-08-18,Rj5GmhqGyGc,0
2020-08-19,Rj5GmhqGyGc,0
2020-08-20,Rj5GmhqGyGc,0
2020-08-21,Rj5GmhqGyGc,0
2020-08-22,Rj5GmhqGyGc,0
2020-08-23,Rj5GmhqGyGc,0
2020-08-24,Rj5GmhqGyGc,0
2020-08-25,Rj5GmhqGyGc,0
2020-08-26,Rj5GmhqGyGc,0
2020-08-27,Rj5GmhqGyGc,0
2020-08-28,Rj5GmhqGyGc,0
2020-08-29,Rj5GmhqGyGc,0
2020-08-30,Rj5GmhqGyGc,0
2020-08-31,Rj5GmhqGyGc,0
2020-09-01,Rj5GmhqGyGc,0
2020-09-02,Rj5GmhqGyGc,0
2020-09-03,Rj5GmhqGyGc,0
2020-09-04,Rj5GmhqGyGc,0
2020-09-05,Rj5GmhqGyGc,0
2020-09-06,Rj5GmhqGyGc,0
2020-09-07,Rj5GmhqGyGc,0
2020-09-08,Rj5GmhqGyGc,0
2020-09-09,Rj5GmhqGyGc,0
2020-09-10,Rj5GmhqGyGc,0
2020-09-11,Rj5GmhqGyGc,0
2020-09-12,Rj5GmhqGyGc,0
2020-09-13,Rj5GmhqGyGc,0
2020-09-14,Rj5GmhqGyGc,0
2020-09-15,Rj5GmhqGyGc,0
2020-09-16,Rj5GmhqGyGc,0
2020-09-17,Rj5GmhqGyGc,0
2020-09-18,Rj5GmhqGyGc,0
2020-09-19,Rj5GmhqGyGc,0
2020-09-20,Rj5GmhqGyGc,0
2020-09-21,Rj5GmhqGyGc,0
2020-09-22,Rj5GmhqGyGc,0
2020-09-23,Rj5GmhqGyGc,0
2020-09-24,Rj5GmhqGyGc,0
2020-09-25,Rj5GmhqGyGc,4
2020-09-26,Rj5GmhqGyGc,1
2020-09-27,Rj5GmhqGyGc,1
2020-09-28,Rj5GmhqGyGc,1
2020-09-29,Rj5GmhqGyGc,0
2020-09-30,Rj5GmhqGyGc,0
2020-10-01,Rj5GmhqGyGc,0
2020-10-02,Rj5GmhqGyGc,0
2020-10-03,Rj5GmhqGyGc,0
2020-10-04,Rj5GmhqGyGc,1
2020-10-05,Rj5GmhqGyGc,0
2020-10-06,Rj5GmhqGyGc,0
2020-10-07,Rj5GmhqGyGc,0
2020-10-08,Rj5GmhqGyGc,0
2020-10-09,Rj5GmhqGyGc,0
2020-10-10,Rj5GmhqGyGc,0
2020-10-11,Rj5GmhqGyGc,0
2020-10-12,Rj5GmhqGyGc,0
2020-10-13,Rj5GmhqGyGc,1
2020-10-14,Rj5GmhqGyGc,0
2020-10-15,Rj5GmhqGyGc,0
2020-10-16,Rj5GmhqGyGc,0
2020-10-17,Rj5GmhqGyGc,0
2020-10-18,Rj5GmhqGyGc,0
2020-10-19,Rj5GmhqGyGc,0
2020-10-20,Rj5GmhqGyGc,0
2020-10-21,Rj5GmhqGyGc,1
2020-10-22,Rj5GmhqGyGc,0
2020-10-23,Rj5GmhqGyGc,0
2020-10-24,Rj5GmhqGyGc,0
2020-10-25,Rj5GmhqGyGc,0
2020-10-26,Rj5GmhqGyGc,0
2020-10-27,Rj5GmhqGyGc,0
2020-10-28,Rj5GmhqGyGc,0
2020-10-29,Rj5GmhqGyGc,0
2020-10-30,Rj5GmhqGyGc,0
2020-10-31,Rj5GmhqGyGc,0
2020-11-01,Rj5GmhqGyGc,0
2020-11-02,Rj5GmhqGyGc,0
2020-11-03,Rj5GmhqGyGc,0
2020-11-04,Rj5GmhqGyGc,0
2020-11-05,Rj5GmhqGyGc,0
2020-11-06,Rj5GmhqGyGc,0
2020-11-07,Rj5GmhqGyGc,0
2020-11-08,Rj5GmhqGyGc,0
2020-11-09,Rj5GmhqGyGc,0
2020-11-10,Rj5GmhqGyGc,0
2020-11-11,Rj5GmhqGyGc,0
2020-11-12,Rj5GmhqGyGc,0
2020-11-13,Rj5GmhqGyGc,0
2020-11-14,Rj5GmhqGyGc,0
2020-11-15,Rj5GmhqGyGc,0
2020-11-16,Rj5GmhqGyGc,0
2020-11-17,Rj5GmhqGyGc,0
2020-11-18,Rj5GmhqGyGc,0
2020-11-19,Rj5GmhqGyGc,0
2020-11-20,Rj5GmhqGyGc,0
2020-11-21,Rj5GmhqGyGc,0
2020-11-22,Rj5GmhqGyGc,0
2020-11-23,Rj5GmhqGyGc,0
2020-11-24,Rj5GmhqGyGc,0
2020-11-25,Rj5GmhqGyGc,0
2020-11-26,Rj5GmhqGyGc,0
2020-11-27,Rj5GmhqGyGc,0
2020-11-28,Rj5GmhqGyGc,0
2020-11-29,Rj5GmhqGyGc,0
2020-11-30,Rj5GmhqGyGc,0
2020-12-01,Rj5GmhqGyGc,0
2020-12-02,Rj5GmhqGyGc,0
2020-12-03,Rj5GmhqGyGc,0
2020-12-04,Rj5GmhqGyGc,0
2020-12-05,Rj5GmhqGyGc,0
2020-12-06,Rj5GmhqGyGc,0
2020-12-07,Rj5GmhqGyGc,0
2020-12-08,Rj5GmhqGyGc,0
2020-12-09,Rj5GmhqGyGc,0
2020-12-10,Rj5GmhqGyGc,0
2020-12-11,Rj5GmhqGyGc,0
2020-04-01,SIZvKetVbz0,0
2020-04-02,SIZvKetVbz0,0
2020-04-03,SIZvKetVbz0,0
2020-04-04,SIZvKetVbz0,0
2020-04-05,SIZvKetVbz0,0
2020-04-06,SIZvKetVbz0,0
2020-04-07,SIZvKetVbz0,0
2020-04-08,SIZvKetVbz0,0
2020-04-09,SIZvKetVbz0,0
2020-04-10,SIZvKetVbz0,0
2020-04-11,SIZvKetVbz0,0
2020-04-12,SIZvKetVbz0,0
2020-04-13,SIZvKetVbz0,0
2020-04-14,SIZvKetVbz0,0
2020-04-15,SIZvKetVbz0,0
2020-04-16,SIZvKetVbz0,0
2020-04-17,SIZvKetVbz0,0
2020-04-18,SIZvKetVbz0,0
2020-04-19,SIZvKetVbz0,0
2020-04-20,SIZvKetVbz0,0
2020-04-21,SIZvKetVbz0,0
2020-04-22,SIZvKetVbz0,0
2020-04-23,SIZvKetVbz0,0
2020-04-24,SIZvKetVbz0,0
2020-04-25,SIZvKetVbz0,0
2020-04-26,SIZvKetVbz0,0
2020-04-27,SIZvKetVbz0,0
2020-04-28,SIZvKetVbz0,0
2020-04-29,SIZvKetVbz0,0
2020-04-30,SIZvKetVbz0,0
2020-05-01,SIZvKetVbz0,0
2020-05-02,SIZvKetVbz0,0
2020-05-03,SIZvKetVbz0,0
2020-05-04,SIZvKetVbz0,0
2020-05-05,SIZvKetVbz0,0
2020-05-06,SIZvKetVbz0,0
2020-05-07,SIZvKetVbz0,0
2020-05-08,SIZvKetVbz0,0
2020-05-09,SIZvKetVbz0,0
2020-05-10,SIZvKetVbz0,0
2020-05-11,SIZvKetVbz0,0
2020-05-12,SIZvKetVbz0,0
2020-05-13,SIZvKetVbz0,0
2020-05-14,SIZvKetVbz0,0
2020-05-15,SIZvKetVbz0,0
2020-05-16,SIZvKetVbz0,0
2020-05-17,SIZvKetVbz0,0
2020-05-18,SIZvKetVbz0,0
2020-05-19,SIZvKetVbz0,0
2020-05-20,SIZvKetVbz0,0
2020-05-21,SIZvKetVbz0,0
2020-05-22,SIZvKetVbz0,0
2020-05-23,SIZvKetVbz0,0
2020-05-24,SIZvKetVbz0,0
2020-05-25,SIZvKetVbz0,0
2020-05-26,SIZvKetVbz0,0
2020-05-27,SIZvKetVbz0,0
2020-05-28,SIZvKetVbz0,0
2020-05-29,SIZvKetVbz0,0
2020-05-30,SIZvKetVbz0,0
2020-05-31,SIZvKetVbz0,0
2020-06-01,SIZvKetVbz0,0
2020-06-02,SIZvKetVbz0,0
2020-06-03,SIZvKetVbz0,3
2020-06-04,SIZvKetVbz0,0
2020-06-05,SIZvKetVbz0,0
2020-06-06,SIZvKetVbz0,0
2020-06-07,SIZvKetVbz0,0
2020-06-08,SIZvKetVbz0,0
2020-06-09,SIZvKetVbz0,0
2020-06-10,SIZvKetVbz0,0
2020-06-11,SIZvKetVbz0,0
2020-06-12,SIZvKetVbz0,0
2020-06-13,SIZvKetVbz0,0
2020-06-14,SIZvKetVbz0,0
2020-06-15,SIZvKetVbz0,0
2020-06-16,SIZvKetVbz0,0
2020-06-17,SIZvKetVbz0,0
2020-06-18,SIZvKetVbz0,0
2020-06-19,SIZvKetVbz0,0
2020-06-20,SIZvKetVbz0,0
2020-06-21,SIZvKetVbz0,0
2020-06-22,SIZvKetVbz0,0
2020-06-23,SIZvKetVbz0,0
2020-06-24,SIZvKetVbz0,0
2020-06-25,SIZvKetVbz0,0
2020-06-26,SIZvKetVbz0,0
2020-06-27,SIZvKetVbz0,0
2020-06-28,SIZvKetVbz0,0
2020-06-29,SIZvKetVbz0,0
2020-06-30,SIZvKetVbz0,0
2020-07-01,SIZvKetVbz0,0
2020-07-02,SIZvKetVbz0,0
2020-07-03,SIZvKetVbz0,0
2020-07-04,SIZvKetVbz0,0
2020-07-05,SIZvKetVbz0,0
2020-07-06,SIZvKetVbz0,0
2020-07-07,SIZvKetVbz0,0
2020-07-08,SIZvKetVbz0,0
2020-07-09,SIZvKetVbz0,0
2020-07-10,SIZvKetVbz0,0
2020-07-11,SIZvKetVbz0,0
2020-07-12,SIZvKetVbz0,0
2020-07-13,SIZvKetVbz0,1
2020-07-14,SIZvKetVbz0,0
2020-07-15,SIZvKetVbz0,0
2020-07-16,SIZvKetVbz0,0
2020-07-17,SIZvKetVbz0,0
2020-07-18,SIZvKetVbz0,0
2020-07-19,SIZvKetVbz0,0
2020-07-20,SIZvKetVbz0,0
2020-07-21,SIZvKetVbz0,0
2020-07-22,SIZvKetVbz0,0
2020-07-23,SIZvKetVbz0,0
2020-07-24,SIZvKetVbz0,0
2020-07-25,SIZvKetVbz0,0
2020-07-26,SIZvKetVbz0,0
2020-07-27,SIZvKetVbz0,0
2020-07-28,SIZvKetVbz0,0
2020-07-29,SIZvKetVbz0,0
2020-07-30,SIZvKetVbz0,0
2020-07-31,SIZvKetVbz0,0
2020-08-01,SIZvKetVbz0,0
2020-08-02,SIZvKetVbz0,0
2020-08-03,SIZvKetVbz0,0
2020-08-04,SIZvKetVbz0,0
2020-08-05,SIZvKetVbz0,0
2020-08-06,SIZvKetVbz0,0
2020-08-07,SIZvKetVbz0,0
2020-08-08,SIZvKetVbz0,0
2020-08-09,SIZvKetVbz0,0
2020-08-10,SIZvKetVbz0,0
2020-08-11,SIZvKetVbz0,0
2020-08-12,SIZvKetVbz0,0
2020-08-13,SIZvKetVbz0,0
2020-08-14,SIZvKetVbz0,0
2020-08-15,SIZvKetVbz0,0
2020-08-16,SIZvKetVbz0,0
2020-08-17,SIZvKetVbz0,0
2020-08-18,SIZvKetVbz0,0
2020-08-19,SIZvKetVbz0,0
2020-08-20,SIZvKetVbz0,0
2020-08-21,SIZvKetVbz0,0
2020-08-22,SIZvKetVbz0,0
2020-08-23,SIZvKetVbz0,0
2020-08-24,SIZvKetVbz0,0
2020-08-25,SIZvKetVbz0,0
2020-08-26,SIZvKetVbz0,0
2020-08-27,SIZvKetVbz0,0
2020-08-28,SIZvKetVbz0,0
2020-08-29,SIZvKetVbz0,0
2020-08-30,SIZvKetVbz0,0
2020-08-31,SIZvKetVbz0,0
2020-09-01,SIZvKetVbz0,0
2020-09-02,SIZvKetVbz0,0
2020-09-03,SIZvKetVbz0,0
2020-09-04,SIZvKetVbz0,0
2020-09-05,SIZvKetVbz0,0
2020-09-06,SIZvKetVbz0,0
2020-09-07,SIZvKetVbz0,0
2020-09-08,SIZvKetVbz0,0
2020-09-09,SIZvKetVbz0,0
2020-09-10,SIZvKetVbz0,0
2020-09-11,SIZvKetVbz0,0
2020-09-12,SIZvKetVbz0,0
2020-09-13,SIZvKetVbz0,0
2020-09-14,SIZvKetVbz0,0
2020-09-15,SIZvKetVbz0,0
2020-09-16,SIZvKetVbz0,0
2020-09-17,SIZvKetVbz0,0
2020-09-18,SIZvKetVbz0,0
2020-09-19,SIZvKetVbz0,0
2020-09-20,SIZvKetVbz0,0
2020-09-21,SIZvKetVbz0,0
2020-09-22,SIZvKetVbz0,0
2020-09-23,SIZvKetVbz0,0
2020-09-24,SIZvKetVbz0,1
2020-09-25,SIZvKetVbz0,0
2020-09-26,SIZvKetVbz0,0
2020-09-27,SIZvKetVbz0,0
2020-09-28,SIZvKetVbz0,0
2020-09-29,SIZvKetVbz0,0
2020-09-30,SIZvKetVbz0,0
2020-10-01,SIZvKetVbz0,0
2020-10-02,SIZvKetVbz0,0
2020-10-03,SIZvKetVbz0,0
2020-10-04,SIZvKetVbz0,0
2020-10-05,SIZvKetVbz0,0
2020-10-06,SIZvKetVbz0,0
2020-10-07,SIZvKetVbz0,0
2020-10-08,SIZvKetVbz0,0
2020-10-09,SIZvKetVbz0,0
2020-10-10,SIZvKetVbz0,0
2020-10-11,SIZvKetVbz0,0
2020-10-12,SIZvKetVbz0,0
2020-10-13,SIZvKetVbz0,0
2020-10-14,SIZvKetVbz0,0
2020-10-15,SIZvKetVbz0,0
2020-10-16,SIZvKetVbz0,0
2020-10-17,SIZvKetVbz0,0
2020-10-18,SIZvKetVbz0,0
2020-10-19,SIZvKetVbz0,0
2020-10-20,SIZvKetVbz0,0
2020-10-21,SIZvKetVbz0,0
2020-10-22,SIZvKetVbz0,0
2020-10-23,SIZvKetVbz0,0
2020-10-24,SIZvKetVbz0,0
2020-10-25,SIZvKetVbz0,0
2020-10-26,SIZvKetVbz0,0
2020-10-27,SIZvKetVbz0,0
2020-10-28,SIZvKetVbz0,0
2020-10-29,SIZvKetVbz0,0
2020-10-30,SIZvKetVbz0,1
2020-10-31,SIZvKetVbz0,0
2020-11-01,SIZvKetVbz0,0
2020-11-02,SIZvKetVbz0,0
2020-11-03,SIZvKetVbz0,0
2020-11-04,SIZvKetVbz0,0
2020-11-05,SIZvKetVbz0,0
2020-11-06,SIZvKetVbz0,0
2020-11-07,SIZvKetVbz0,0
2020-11-08,SIZvKetVbz0,0
2020-11-09,SIZvKetVbz0,0
2020-11-10,SIZvKetVbz0,1
2020-11-11,SIZvKetVbz0,0
2020-11-12,SIZvKetVbz0,1
2020-11-13,SIZvKetVbz0,0
2020-11-14,SIZvKetVbz0,0
2020-11-15,SIZvKetVbz0,0
2020-11-16,SIZvKetVbz0,0
2020-11-17,SIZvKetVbz0,0
2020-11-18,SIZvKetVbz0,0
2020-11-19,SIZvKetVbz0,0
2020-11-20,SIZvKetVbz0,0
2020-11-21,SIZvKetVbz0,0
2020-11-22,SIZvKetVbz0,0
2020-11-23,SIZvKetVbz0,0
2020-11-24,SIZvKetVbz0,0
2020-11-25,SIZvKetVbz0,0
2020-11-26,SIZvKetVbz0,0
2020-11-27,SIZvKetVbz0,0
2020-11-28,SIZvKetVbz0,0
2020-11-29,SIZvKetVbz0,0
2020-11-30,SIZvKetVbz0,0
2020-12-01,SIZvKetVbz0,0
2020-12-02,SIZvKetVbz0,0
2020-12-03,SIZvKetVbz0,0
2020-12-04,SIZvKetVbz0,0
2020-12-05,SIZvKetVbz0,0
2020-12-06,SIZvKetVbz0,0
2020-12-07,SIZvKetVbz0,0
2020-12-08,SIZvKetVbz0,0
2020-12-09,SIZvKetVbz0,0
2020-12-10,SIZvKetVbz0,0
2020-12-11,SIZvKetVbz0,0
2020-04-01,UrN1T1SfsIE,0
2020-04-02,UrN1T1SfsIE,0
2020-04-03,UrN1T1SfsIE,0
2020-04-04,UrN1T1SfsIE,0
2020-04-05,UrN1T1SfsIE,0
2020-04-06,UrN1T1SfsIE,0
2020-04-07,UrN1T1SfsIE,0
2020-04-08,UrN1T1SfsIE,0
2020-04-09,UrN1T1SfsIE,0
2020-04-10,UrN1T1SfsIE,0
2020-04-11,UrN1T1SfsIE,0
2020-04-12,UrN1T1SfsIE,0
2020-04-13,UrN1T1SfsIE,0
2020-04-14,UrN1T1SfsIE,0
2020-04-15,UrN1T1SfsIE,0
2020-04-16,UrN1T1SfsIE,0
2020-04-17,UrN1T1SfsIE,0
2020-04-18,UrN1T1SfsIE,0
2020-04-19,UrN1T1SfsIE,0
2020-04-20,UrN1T1SfsIE,0
2020-04-21,UrN1T1SfsIE,0
2020-04-22,UrN1T1SfsIE,0
2020-04-23,UrN1T1SfsIE,0
2020-04-24,UrN1T1SfsIE,0
2020-04-25,UrN1T1SfsIE,0
2020-04-26,UrN1T1SfsIE,0
2020-04-27,UrN1T1SfsIE,0
2020-04-28,UrN1T1SfsIE,0
2020-04-29,UrN1T1SfsIE,0
2020-04-30,UrN1T1SfsIE,0
2020-05-01,UrN1T1SfsIE,0
2020-05-02,UrN1T1SfsIE,0
2020-05-03,UrN1T1SfsIE,0
2020-05-04,UrN1T1SfsIE,0
2020-05-05,UrN1T1SfsIE,0
2020-05-06,UrN1T1SfsIE,0
2020-05-07,UrN1T1SfsIE,0
2020-05-08,UrN1T1SfsIE,0
2020-05-09,UrN1T1SfsIE,0
2020-05-10,UrN1T1SfsIE,0
2020-05-11,UrN1T1SfsIE,0
2020-05-12,UrN1T1SfsIE,0
2020-05-13,UrN1T1SfsIE,0
2020-05-14,UrN1T1SfsIE,0
2020-05-15,UrN1T1SfsIE,0
2020-05-16,UrN1T1SfsIE,0
2020-05-17,UrN1T1SfsIE,0
2020-05-18,UrN1T1SfsIE,0
2020-05-19,UrN1T1SfsIE,0
2020-05-20,UrN1T1SfsIE,0
2020-05-21,UrN1T1SfsIE,0
2020-05-22,UrN1T1SfsIE,0
2020-05-23,UrN1T1SfsIE,0
2020-05-24,UrN1T1SfsIE,0
2020-05-25,UrN1T1SfsIE,0
2020-05-26,UrN1T1SfsIE,0
2020-05-27,UrN1T1SfsIE,0
2020-05-28,UrN1T1SfsIE,0
2020-05-29,UrN1T1SfsIE,0
2020-05-30,UrN1T1SfsIE,0
2020-05-31,UrN1T1SfsIE,0
2020-06-01,UrN1T1SfsIE,0
2020-06-02,UrN1T1SfsIE,0
2020-06-03,UrN1T1SfsIE,0
2020-06-04,UrN1T1SfsIE,0
2020-06-05,UrN1T1SfsIE,0
2020-06-06,UrN1T1SfsIE,0
2020-06-07,UrN1T1SfsIE,0
2020-06-08,UrN1T1SfsIE,0
2020-06-09,UrN1T1SfsIE,0
2020-06-10,UrN1T1SfsIE,0
2020-06-11,UrN1T1SfsIE,0
2020-06-12,UrN1T1SfsIE,0
2020-06-13,UrN1T1SfsIE,0
2020-06-14,UrN1T1SfsIE,0
2020-06-15,UrN1T1SfsIE,0
2020-06-16,UrN1T1SfsIE,0
2020-06-17,UrN1T1SfsIE,0
2020-06-18,UrN1T1SfsIE,0
2020-06-19,UrN1T1SfsIE,0
2020-06-20,UrN1T1SfsIE,0
2020-06-21,UrN1T1SfsIE,0
2020-06-22,UrN1T1SfsIE,0
2020-06-23,UrN1T1SfsIE,0
2020-06-24,UrN1T1SfsIE,0
2020-06-25,UrN1T1SfsIE,0
2020-06-26,UrN1T1SfsIE,0
2020-06-27,UrN1T1SfsIE,0
2020-06-28,UrN1T1SfsIE,0
2020-06-29,UrN1T1SfsIE,0
2020-06-30,UrN1T1SfsIE,0
2020-07-01,UrN1T1SfsIE,0
2020-07-02,UrN1T1SfsIE,0
2020-07-03,UrN1T1SfsIE,0
2020-07-04,UrN1T1SfsIE,0
2020-07-05,UrN1T1SfsIE,0
2020-07-06,UrN1T1SfsIE,0
2020-07-07,UrN1T1SfsIE,0
2020-07-08,UrN1T1SfsIE,0
2020-07-09,UrN1T1SfsIE,0
2020-07-10,UrN1T1SfsIE,0
2020-07-11,UrN1T1SfsIE,0
2020-07-12,UrN1T1SfsIE,0
2020-07-13,UrN1T1SfsIE,0
2020-07-14,UrN1T1SfsIE,0
2020-07-15,UrN1T1SfsIE,0
2020-07-16,UrN1T1SfsIE,0
2020-07-17,UrN1T1SfsIE,0
2020-07-18,UrN1T1SfsIE,0
2020-07-19,UrN1T1SfsIE,0
2020-07-20,UrN1T1SfsIE,0
2020-07-21,UrN1T1SfsIE,0
2020-07-22,UrN1T1SfsIE,0
2020-07-23,UrN1T1SfsIE,0
2020-07-24,UrN1T1SfsIE,0
2020-07-25,UrN1T1SfsIE,0
2020-07-26,UrN1T1SfsIE,0
2020-07-27,UrN1T1SfsIE,0
2020-07-28,UrN1T1SfsIE,0
2020-07-29,UrN1T1SfsIE,0
2020-07-30,UrN1T1SfsIE,0
2020-07-31,UrN1T1SfsIE,0
2020-08-01,UrN1T1SfsIE,0
2020-08-02,UrN1T1SfsIE,0
2020-08-03,UrN1T1SfsIE,0
2020-08-04,UrN1T1SfsIE,0
2020-08-05,UrN1T1SfsIE,3
2020-08-06,UrN1T1SfsIE,0
2020-08-07,UrN1T1SfsIE,0
2020-08-08,UrN1T1SfsIE,0
2020-08-09,UrN1T1SfsIE,1
2020-08-10,UrN1T1SfsIE,1
2020-08-11,UrN1T1SfsIE,0
2020-08-12,UrN1T1SfsIE,0
2020-08-13,UrN1T1SfsIE,0
2020-08-14,UrN1T1SfsIE,0
2020-08-15,UrN1T1SfsIE,0
2020-08-16,UrN1T1SfsIE,0
2020-08-17,UrN1T1SfsIE,0
2020-08-18,UrN1T1SfsIE,0
2020-08-19,UrN1T1SfsIE,0
2020-08-20,UrN1T1SfsIE,0
2020-08-21,UrN1T1SfsIE,1
2020-08-22,UrN1T1SfsIE,0
2020-08-23,UrN1T1SfsIE,2
2020-08-24,UrN1T1SfsIE,0
2020-08-25,UrN1T1SfsIE,0
2020-08-26,UrN1T1SfsIE,0
2020-08-27,UrN1T1SfsIE,0
2020-08-28,UrN1T1SfsIE,0
2020-08-29,UrN1T1SfsIE,0
2020-08-30,UrN1T1SfsIE,0
2020-08-31,UrN1T1SfsIE,0
2020-09-01,UrN1T1SfsIE,0
2020-09-02,UrN1T1SfsIE,0
2020-09-03,UrN1T1SfsIE,0
2020-09-04,UrN1T1SfsIE,0
2020-09-05,UrN1T1SfsIE,0
2020-09-06,UrN1T1SfsIE,0
2020-09-07,UrN1T1SfsIE,0
2020-09-08,UrN1T1SfsIE,0
2020-09-09,UrN1T1SfsIE,0
2020-09-10,UrN1T1SfsIE,0
2020-09-11,UrN1T1SfsIE,0
2020-09-12,UrN1T1SfsIE,0
2020-09-13,UrN1T1SfsIE,0
2020-09-14,UrN1T1SfsIE,0
2020-09-15,UrN1T1SfsIE,0
2020-09-16,UrN1T1SfsIE,0
2020-09-17,UrN1T1SfsIE,0
2020-09-18,UrN1T1SfsIE,0
2020-09-19,UrN1T1SfsIE,0
2020-09-20,UrN1T1SfsIE,0
2020-09-21,UrN1T1SfsIE,0
2020-09-22,UrN1T1SfsIE,0
2020-09-23,UrN1T1SfsIE,0
2020-09-24,UrN1T1SfsIE,0
2020-09-25,UrN1T1SfsIE,0
2020-09-26,UrN1T1SfsIE,0
2020-09-27,UrN1T1SfsIE,0
2020-09-28,UrN1T1SfsIE,0
2020-09-29,UrN1T1SfsIE,0
2020-09-30,UrN1T1SfsIE,0
2020-10-01,UrN1T1SfsIE,0
2020-10-02,UrN1T1SfsIE,0
2020-10-03,UrN1T1SfsIE,0
2020-10-04,UrN1T1SfsIE,0
2020-10-05,UrN1T1SfsIE,0
2020-10-06,UrN1T1SfsIE,0
2020-10-07,UrN1T1SfsIE,0
2020-10-08,UrN1T1SfsIE,0
2020-10-09,UrN1T1SfsIE,0
2020-10-10,UrN1T1SfsIE,0
2020-10-11,UrN1T1SfsIE,0
2020-10-12,UrN1T1SfsIE,0
2020-10-13,UrN1T1SfsIE,0
2020-10-14,UrN1T1SfsIE,0
2020-10-15,UrN1T1SfsIE,0
2020-10-16,UrN1T1SfsIE,0
2020-10-17,UrN1T1SfsIE,0
2020-10-18,UrN1T1SfsIE,0
2020-10-19,UrN1T1SfsIE,0
2020-10-20,UrN1T1SfsIE,0
2020-10-21,UrN1T1SfsIE,0
2020-10-22,UrN1T1SfsIE,0
2020-10-23,UrN1T1SfsIE,0
2020-10-24,UrN1T1SfsIE,0
2020-10-25,UrN1T1SfsIE,0
2020-10-26,UrN1T1SfsIE,0
2020-10-27,UrN1T1SfsIE,0
2020-10-28,UrN1T1SfsIE,0
2020-10-29,UrN1T1SfsIE,0
2020-10-30,UrN1T1SfsIE,0
2020-10-31,UrN1T1SfsIE,0
2020-11-01,UrN1T1SfsIE,0
2020-11-02,UrN1T1SfsIE,0
2020-11-03,UrN1T1SfsIE,0
2020-11-04,UrN1T1SfsIE,0
2020-11-05,UrN1T1SfsIE,0
2020-11-06,UrN1T1SfsIE,0
2020-11-07,UrN1T1SfsIE,0
2020-11-08,UrN1T1SfsIE,0
2020-11-09,UrN1T1SfsIE,0
2020-11-10,UrN1T1SfsIE,0
2020-11-11,UrN1T1SfsIE,0
2020-11-12,UrN1T1SfsIE,0
2020-11-13,UrN1T1SfsIE,0
2020-11-14,UrN1T1SfsIE,0
2020-11-15,UrN1T1SfsIE,0
2020-11-16,UrN1T1SfsIE,0
2020-11-17,UrN1T1SfsIE,0
2020-11-18,UrN1T1SfsIE,0
2020-11-19,UrN1T1SfsIE,0
2020-11-20,UrN1T1SfsIE,0
2020-11-21,UrN1T1SfsIE,0
2020-11-22,UrN1T1SfsIE,0
2020-11-23,UrN1T1SfsIE,0
2020-11-24,UrN1T1SfsIE,0
2020-11-25,UrN1T1SfsIE,0
2020-11-26,UrN1T1SfsIE,0
2020-11-27,UrN1T1SfsIE,0
2020-11-28,UrN1T1SfsIE,0
2020-11-29,UrN1T1SfsIE,0
2020-11-30,UrN1T1SfsIE,0
2020-12-01,UrN1T1SfsIE,0
2020-12-02,UrN1T1SfsIE,0
2020-12-03,UrN1T1SfsIE,0
2020-12-04,UrN1T1SfsIE,0
2020-12-05,UrN1T1SfsIE,0
2020-12-06,UrN1T1SfsIE,0
2020-12-07,UrN1T1SfsIE,0
2020-12-08,UrN1T1SfsIE,0
2020-12-09,UrN1T1SfsIE,0
2020-12-10,UrN1T1SfsIE,0
2020-12-11,UrN1T1SfsIE,0
2020-04-01,YgM8G6-1DIY,0
2020-04-02,YgM8G6-1DIY,0
2020-04-03,YgM8G6-1DIY,0
2020-04-04,YgM8G6-1DIY,0
2020-04-05,YgM8G6-1DIY,0
2020-04-06,YgM8G6-1DIY,0
2020-04-07,YgM8G6-1DIY,0
2020-04-08,YgM8G6-1DIY,0
2020-04-09,YgM8G6-1DIY,0
2020-04-10,YgM8G6-1DIY,0
2020-04-11,YgM8G6-1DIY,0
2020-04-12,YgM8G6-1DIY,0
2020-04-13,YgM8G6-1DIY,0
2020-04-14,YgM8G6-1DIY,0
2020-04-15,YgM8G6-1DIY,0
2020-04-16,YgM8G6-1DIY,0
2020-04-17,YgM8G6-1DIY,0
2020-04-18,YgM8G6-1DIY,0
2020-04-19,YgM8G6-1DIY,0
2020-04-20,YgM8G6-1DIY,0
2020-04-21,YgM8G6-1DIY,0
2020-04-22,YgM8G6-1DIY,0
2020-04-23,YgM8G6-1DIY,0
2020-04-24,YgM8G6-1DIY,0
2020-04-25,YgM8G6-1DIY,0
2020-04-26,YgM8G6-1DIY,0
2020-04-27,YgM8G6-1DIY,0
2020-04-28,YgM8G6-1DIY,0
2020-04-29,YgM8G6-1DIY,0
2020-04-30,YgM8G6-1DIY,0
2020-05-01,YgM8G6-1DIY,0
2020-05-02,YgM8G6-1DIY,0
2020-05-03,YgM8G6-1DIY,0
2020-05-04,YgM8G6-1DIY,0
2020-05-05,YgM8G6-1DIY,0
2020-05-06,YgM8G6-1DIY,0
2020-05-07,YgM8G6-1DIY,0
2020-05-08,YgM8G6-1DIY,0
2020-05-09,YgM8G6-1DIY,0
2020-05-10,YgM8G6-1DIY,0
2020-05-11,YgM8G6-1DIY,0
2020-05-12,YgM8G6-1DIY,0
2020-05-13,YgM8G6-1DIY,0
2020-05-14,YgM8G6-1DIY,0
2020-05-15,YgM8G6-1DIY,0
2020-05-16,YgM8G6-1DIY,0
2020-05-17,YgM8G6-1DIY,0
2020-05-18,YgM8G6-1DIY,0
2020-05-19,YgM8G6-1DIY,0
2020-05-20,YgM8G6-1DIY,0
2020-05-21,YgM8G6-1DIY,0
2020-05-22,YgM8G6-1DIY,0
2020-05-23,YgM8G6-1DIY,0
2020-05-24,YgM8G6-1DIY,0
2020-05-25,YgM8G6-1DIY,0
2020-05-26,YgM8G6-1DIY,0
2020-05-27,YgM8G6-1DIY,0
2020-05-28,YgM8G6-1DIY,0
2020-05-29,YgM8G6-1DIY,0
2020-05-30,YgM8G6-1DIY,0
2020-05-31,YgM8G6-1DIY,0
2020-06-01,YgM8G6-1DIY,0
2020-06-02,YgM8G6-1DIY,0
2020-06-03,YgM8G6-1DIY,0
2020-06-04,YgM8G6-1DIY,0
2020-06-05,YgM8G6-1DIY,0
2020-06-06,YgM8G6-1DIY,0
2020-06-07,YgM8G6-1DIY,0
2020-06-08,YgM8G6-1DIY,0
2020-06-09,YgM8G6-1DIY,0
2020-06-10,YgM8G6-1DIY,0
2020-06-11,YgM8G6-1DIY,0
2020-06-12,YgM8G6-1DIY,0
2020-06-13,YgM8G6-1DIY,0
2020-06-14,YgM8G6-1DIY,0
2020-06-15,YgM8G6-1DIY,0
2020-06-16,YgM8G6-1DIY,0
2020-06-17,YgM8G6-1DIY,0
2020-06-18,YgM8G6-1DIY,0
2020-06-19,YgM8G6-1DIY,0
2020-06-20,YgM8G6-1DIY,0
2020-06-21,YgM8G6-1DIY,0
2020-06-22,YgM8G6-1DIY,0
2020-06-23,YgM8G6-1DIY,0
2020-06-24,YgM8G6-1DIY,0
2020-06-25,YgM8G6-1DIY,0
2020-06-26,YgM8G6-1DIY,0
2020-06-27,YgM8G6-1DIY,0
2020-06-28,YgM8G6-1DIY,0
2020-06-29,YgM8G6-1DIY,0
2020-06-30,YgM8G6-1DIY,0
2020-07-01,YgM8G6-1DIY,0
2020-07-02,YgM8G6-1DIY,0
2020-07-03,YgM8G6-1DIY,0
2020-07-04,YgM8G6-1DIY,0
2020-07-05,YgM8G6-1DIY,0
2020-07-06,YgM8G6-1DIY,0
2020-07-07,YgM8G6-1DIY,0
2020-07-08,YgM8G6-1DIY,0
2020-07-09,YgM8G6-1DIY,0
2020-07-10,YgM8G6-1DIY,0
2020-07-11,YgM8G6-1DIY,0
2020-07-12,YgM8G6-1DIY,0
2020-07-13,YgM8G6-1DIY,0
2020-07-14,YgM8G6-1DIY,0
2020-07-15,YgM8G6-1DIY,0
2020-07-16,YgM8G6-1DIY,0
2020-07-17,YgM8G6-1DIY,0
2020-07-18,YgM8G6-1DIY,0
2020-07-19,YgM8G6-1DIY,0
2020-07-20,YgM8G6-1DIY,0
2020-07-21,YgM8G6-1DIY,0
2020-07-22,YgM8G6-1DIY,0
2020-07-23,YgM8G6-1DIY,0
2020-07-24,YgM8G6-1DIY,0
2020-07-25,YgM8G6-1DIY,0
2020-07-26,YgM8G6-1DIY,0
2020-07-27,YgM8G6-1DIY,0
2020-07-28,YgM8G6-1DIY,0
2020-07-29,YgM8G6-1DIY,0
2020-07-30,YgM8G6-1DIY,0
2020-07-31,YgM8G6-1DIY,1
2020-08-01,YgM8G6-1DIY,2
2020-08-02,YgM8G6-1DIY,0
2020-08-03,YgM8G6-1DIY,1
2020-08-04,YgM8G6-1DIY,0
2020-08-05,YgM8G6-1DIY,0
2020-08-06,YgM8G6-1DIY,0
2020-08-07,YgM8G6-1DIY,0
2020-08-08,YgM8G6-1DIY,0
2020-08-09,YgM8G6-1DIY,0
2020-08-10,YgM8G6-1DIY,0
2020-08-11,YgM8G6-1DIY,0
2020-08-12,YgM8G6-1DIY,0
2020-08-13,YgM8G6-1DIY,0
2020-08-14,YgM8G6-1DIY,0
2020-08-15,YgM8G6-1DIY,0
2020-08-16,YgM8G6-1DIY,0
2020-08-17,YgM8G6-1DIY,0
2020-08-18,YgM8G6-1DIY,1
2020-08-19,YgM8G6-1DIY,0
2020-08-20,YgM8G6-1DIY,0
2020-08-21,YgM8G6-1DIY,1
2020-08-22,YgM8G6-1DIY,0
2020-08-23,YgM8G6-1DIY,2
2020-08-24,YgM8G6-1DIY,0
2020-08-25,YgM8G6-1DIY,0
2020-08-26,YgM8G6-1DIY,0
2020-08-27,YgM8G6-1DIY,0
2020-08-28,YgM8G6-1DIY,0
2020-08-29,YgM8G6-1DIY,0
2020-08-30,YgM8G6-1DIY,0
2020-08-31,YgM8G6-1DIY,0
2020-09-01,YgM8G6-1DIY,0
2020-09-02,YgM8G6-1DIY,0
2020-09-03,YgM8G6-1DIY,0
2020-09-04,YgM8G6-1DIY,0
2020-09-05,YgM8G6-1DIY,0
2020-09-06,YgM8G6-1DIY,0
2020-09-07,YgM8G6-1DIY,0
2020-09-08,YgM8G6-1DIY,0
2020-09-09,YgM8G6-1DIY,0
2020-09-10,YgM8G6-1DIY,0
2020-09-11,YgM8G6-1DIY,0
2020-09-12,YgM8G6-1DIY,0
2020-09-13,YgM8G6-1DIY,0
2020-09-14,YgM8G6-1DIY,0
2020-09-15,YgM8G6-1DIY,0
2020-09-16,YgM8G6-1DIY,0
2020-09-17,YgM8G6-1DIY,0
2020-09-18,YgM8G6-1DIY,0
2020-09-19,YgM8G6-1DIY,0
2020-09-20,YgM8G6-1DIY,0
2020-09-21,YgM8G6-1DIY,0
2020-09-22,YgM8G6-1DIY,0
2020-09-23,YgM8G6-1DIY,0
2020-09-24,YgM8G6-1DIY,0
2020-09-25,YgM8G6-1DIY,0
2020-09-26,YgM8G6-1DIY,0
2020-09-27,YgM8G6-1DIY,0
2020-09-28,YgM8G6-1DIY,0
2020-09-29,YgM8G6-1DIY,0
2020-09-30,YgM8G6-1DIY,0
2020-10-01,YgM8G6-1DIY,0
2020-10-02,YgM8G6-1DIY,0
2020-10-03,YgM8G6-1DIY,0
2020-10-04,YgM8G6-1DIY,0
2020-10-05,YgM8G6-1DIY,0
2020-10-06,YgM8G6-1DIY,0
2020-10-07,YgM8G6-1DIY,0
2020-10-08,YgM8G6-1DIY,0
2020-10-09,YgM8G6-1DIY,0
2020-10-10,YgM8G6-1DIY,0
2020-10-11,YgM8G6-1DIY,0
2020-10-12,YgM8G6-1DIY,0
2020-10-13,YgM8G6-1DIY,0
2020-10-14,YgM8G6-1DIY,0
2020-10-15,YgM8G6-1DIY,0
2020-10-16,YgM8G6-1DIY,0
2020-10-17,YgM8G6-1DIY,0
2020-10-18,YgM8G6-1DIY,0
2020-10-19,YgM8G6-1DIY,0
2020-10-20,YgM8G6-1DIY,0
2020-10-21,YgM8G6-1DIY,0
2020-10-22,YgM8G6-1DIY,0
2020-10-23,YgM8G6-1DIY,0
2020-10-24,YgM8G6-1DIY,0
2020-10-25,YgM8G6-1DIY,0
2020-10-26,YgM8G6-1DIY,0
2020-10-27,YgM8G6-1DIY,0
2020-10-28,YgM8G6-1DIY,0
2020-10-29,YgM8G6-1DIY,0
2020-10-30,YgM8G6-1DIY,0
2020-10-31,YgM8G6-1DIY,0
2020-11-01,YgM8G6-1DIY,0
2020-11-02,YgM8G6-1DIY,0
2020-11-03,YgM8G6-1DIY,0
2020-11-04,YgM8G6-1DIY,0
2020-11-05,YgM8G6-1DIY,0
2020-11-06,YgM8G6-1DIY,0
2020-11-07,YgM8G6-1DIY,0
2020-11-08,YgM8G6-1DIY,0
2020-11-09,YgM8G6-1DIY,0
2020-11-10,YgM8G6-1DIY,0
2020-11-11,YgM8G6-1DIY,1
2020-11-12,YgM8G6-1DIY,0
2020-11-13,YgM8G6-1DIY,0
2020-11-14,YgM8G6-1DIY,0
2020-11-15,YgM8G6-1DIY,0
2020-11-16,YgM8G6-1DIY,0
2020-11-17,YgM8G6-1DIY,0
2020-11-18,YgM8G6-1DIY,0
2020-11-19,YgM8G6-1DIY,0
2020-11-20,YgM8G6-1DIY,0
2020-11-21,YgM8G6-1DIY,0
2020-11-22,YgM8G6-1DIY,0
2020-11-23,YgM8G6-1DIY,0
2020-11-24,YgM8G6-1DIY,0
2020-11-25,YgM8G6-1DIY,0
2020-11-26,YgM8G6-1DIY,0
2020-11-27,YgM8G6-1DIY,0
2020-11-28,YgM8G6-1DIY,0
2020-11-29,YgM8G6-1DIY,0
2020-11-30,YgM8G6-1DIY,0
2020-12-01,YgM8G6-1DIY,0
2020-12-02,YgM8G6-1DIY,0
2020-12-03,YgM8G6-1DIY,0
2020-12-04,YgM8G6-1DIY,0
2020-12-05,YgM8G6-1DIY,0
2020-12-06,YgM8G6-1DIY,0
2020-12-07,YgM8G6-1DIY,0
2020-12-08,YgM8G6-1DIY,0
2020-12-09,YgM8G6-1DIY,0
2020-12-10,YgM8G6-1DIY,0
2020-12-11,YgM8G6-1DIY,0
2020-04-01,gX3iIdvwfsI,0
2020-04-02,gX3iIdvwfsI,0
2020-04-03,gX3iIdvwfsI,0
2020-04-04,gX3iIdvwfsI,0
2020-04-05,gX3iIdvwfsI,0
2020-04-06,gX3iIdvwfsI,0
2020-04-07,gX3iIdvwfsI,0
2020-04-08,gX3iIdvwfsI,0
2020-04-09,gX3iIdvwfsI,0
2020-04-10,gX3iIdvwfsI,0
2020-04-11,gX3iIdvwfsI,0
2020-04-12,gX3iIdvwfsI,0
2020-04-13,gX3iIdvwfsI,0
2020-04-14,gX3iIdvwfsI,0
2020-04-15,gX3iIdvwfsI,0
2020-04-16,gX3iIdvwfsI,0
2020-04-17,gX3iIdvwfsI,0
2020-04-18,gX3iIdvwfsI,0
2020-04-19,gX3iIdvwfsI,0
2020-04-20,gX3iIdvwfsI,0
2020-04-21,gX3iIdvwfsI,0
2020-04-22,gX3iIdvwfsI,0
2020-04-23,gX3iIdvwfsI,0
2020-04-24,gX3iIdvwfsI,0
2020-04-25,gX3iIdvwfsI,0
2020-04-26,gX3iIdvwfsI,0
2020-04-27,gX3iIdvwfsI,0
2020-04-28,gX3iIdvwfsI,0
2020-04-29,gX3iIdvwfsI,0
2020-04-30,gX3iIdvwfsI,0
2020-05-01,gX3iIdvwfsI,0
2020-05-02,gX3iIdvwfsI,0
2020-05-03,gX3iIdvwfsI,0
2020-05-04,gX3iIdvwfsI,0
2020-05-05,gX3iIdvwfsI,0
2020-05-06,gX3iIdvwfsI,0
2020-05-07,gX3iIdvwfsI,0
2020-05-08,gX3iIdvwfsI,0
2020-05-09,gX3iIdvwfsI,0
2020-05-10,gX3iIdvwfsI,0
2020-05-11,gX3iIdvwfsI,0
2020-05-12,gX3iIdvwfsI,0
2020-05-13,gX3iIdvwfsI,0
2020-05-14,gX3iIdvwfsI,0
2020-05-15,gX3iIdvwfsI,0
2020-05-16,gX3iIdvwfsI,0
2020-05-17,gX3iIdvwfsI,0
2020-05-18,gX3iIdvwfsI,0
2020-05-19,gX3iIdvwfsI,0
2020-05-20,gX3iIdvwfsI,0
2020-05-21,gX3iIdvwfsI,0
2020-05-22,gX3iIdvwfsI,0
2020-05-23,gX3iIdvwfsI,0
2020-05-24,gX3iIdvwfsI,0
2020-05-25,gX3iIdvwfsI,0
2020-05-26,gX3iIdvwfsI,0
2020-05-27,gX3iIdvwfsI,0
2020-05-28,gX3iIdvwfsI,0
2020-05-29,gX3iIdvwfsI,0
2020-05-30,gX3iIdvwfsI,0
2020-05-31,gX3iIdvwfsI,0
2020-06-01,gX3iIdvwfsI,0
2020-06-02,gX3iIdvwfsI,0
2020-06-03,gX3iIdvwfsI,0
2020-06-04,gX3iIdvwfsI,0
2020-06-05,gX3iIdvwfsI,0
2020-06-06,gX3iIdvwfsI,0
2020-06-07,gX3iIdvwfsI,0
2020-06-08,gX3iIdvwfsI,0
2020-06-09,gX3iIdvwfsI,0
2020-06-10,gX3iIdvwfsI,0
2020-06-11,gX3iIdvwfsI,0
2020-06-12,gX3iIdvwfsI,0
2020-06-13,gX3iIdvwfsI,0
2020-06-14,gX3iIdvwfsI,0
2020-06-15,gX3iIdvwfsI,0
2020-06-16,gX3iIdvwfsI,0
2020-06-17,gX3iIdvwfsI,0
2020-06-18,gX3iIdvwfsI,0
2020-06-19,gX3iIdvwfsI,0
2020-06-20,gX3iIdvwfsI,0
2020-06-21,gX3iIdvwfsI,0
2020-06-22,gX3iIdvwfsI,0
2020-06-23,gX3iIdvwfsI,0
2020-06-24,gX3iIdvwfsI,0
2020-06-25,gX3iIdvwfsI,0
2020-06-26,gX3iIdvwfsI,0
2020-06-27,gX3iIdvwfsI,0
2020-06-28,gX3iIdvwfsI,0
2020-06-29,gX3iIdvwfsI,0
2020-06-30,gX3iIdvwfsI,0
2020-07-01,gX3iIdvwfsI,0
2020-07-02,gX3iIdvwfsI,0
2020-07-03,gX3iIdvwfsI,0
2020-07-04,gX3iIdvwfsI,0
2020-07-05,gX3iIdvwfsI,0
2020-07-06,gX3iIdvwfsI,0
2020-07-07,gX3iIdvwfsI,0
2020-07-08,gX3iIdvwfsI,0
2020-07-09,gX3iIdvwfsI,0
2020-07-10,gX3iIdvwfsI,0
2020-07-11,gX3iIdvwfsI,0
2020-07-12,gX3iIdvwfsI,0
2020-07-13,gX3iIdvwfsI,0
2020-07-14,gX3iIdvwfsI,0
2020-07-15,gX3iIdvwfsI,0
2020-07-16,gX3iIdvwfsI,0
2020-07-17,gX3iIdvwfsI,0
2020-07-18,gX3iIdvwfsI,0
2020-07-19,gX3iIdvwfsI,0
2020-07-20,gX3iIdvwfsI,0
2020-07-21,gX3iIdvwfsI,0
2020-07-22,gX3iIdvwfsI,0
2020-07-23,gX3iIdvwfsI,0
2020-07-24,gX3iIdvwfsI,0
2020-07-25,gX3iIdvwfsI,0
2020-07-26,gX3iIdvwfsI,0
2020-07-27,gX3iIdvwfsI,0
2020-07-28,gX3iIdvwfsI,0
2020-07-29,gX3iIdvwfsI,0
2020-07-30,gX3iIdvwfsI,0
2020-07-31,gX3iIdvwfsI,0
2020-08-01,gX3iIdvwfsI,0
2020-08-02,gX3iIdvwfsI,0
2020-08-03,gX3iIdvwfsI,0
2020-08-04,gX3iIdvwfsI,0
2020-08-05,gX3iIdvwfsI,0
2020-08-06,gX3iIdvwfsI,0
2020-08-07,gX3iIdvwfsI,0
2020-08-08,gX3iIdvwfsI,0
2020-08-09,gX3iIdvwfsI,0
2020-08-10,gX3iIdvwfsI,0
2020-08-11,gX3iIdvwfsI,0
2020-08-12,gX3iIdvwfsI,0
2020-08-13,gX3iIdvwfsI,0
2020-08-14,gX3iIdvwfsI,0
2020-08-15,gX3iIdvwfsI,0
2020-08-16,gX3iIdvwfsI,0
2020-08-17,gX3iIdvwfsI,0
2020-08-18,gX3iIdvwfsI,0
2020-08-19,gX3iIdvwfsI,0
2020-08-20,gX3iIdvwfsI,0
2020-08-21,gX3iIdvwfsI,0
2020-08-22,gX3iIdvwfsI,0
2020-08-23,gX3iIdvwfsI,0
2020-08-24,gX3iIdvwfsI,0
2020-08-25,gX3iIdvwfsI,0
2020-08-26,gX3iIdvwfsI,0
2020-08-27,gX3iIdvwfsI,0
2020-08-28,gX3iIdvwfsI,0
2020-08-29,gX3iIdvwfsI,0
2020-08-30,gX3iIdvwfsI,0
2020-08-31,gX3iIdvwfsI,0
2020-09-01,gX3iIdvwfsI,0
2020-09-02,gX3iIdvwfsI,0
2020-09-03,gX3iIdvwfsI,0
2020-09-04,gX3iIdvwfsI,0
2020-09-05,gX3iIdvwfsI,0
2020-09-06,gX3iIdvwfsI,0
2020-09-07,gX3iIdvwfsI,0
2020-09-08,gX3iIdvwfsI,0
2020-09-09,gX3iIdvwfsI,0
2020-09-10,gX3iIdvwfsI,0
2020-09-11,gX3iIdvwfsI,0
2020-09-12,gX3iIdvwfsI,0
2020-09-13,gX3iIdvwfsI,0
2020-09-14,gX3iIdvwfsI,0
2020-09-15,gX3iIdvwfsI,0
2020-09-16,gX3iIdvwfsI,0
2020-09-17,gX3iIdvwfsI,0
2020-09-18,gX3iIdvwfsI,0
2020-09-19,gX3iIdvwfsI,0
2020-09-20,gX3iIdvwfsI,0
2020-09-21,gX3iIdvwfsI,0
2020-09-22,gX3iIdvwfsI,0
2020-09-23,gX3iIdvwfsI,0
2020-09-24,gX3iIdvwfsI,0
2020-09-25,gX3iIdvwfsI,0
2020-09-26,gX3iIdvwfsI,0
2020-09-27,gX3iIdvwfsI,0
2020-09-28,gX3iIdvwfsI,0
2020-09-29,gX3iIdvwfsI,0
2020-09-30,gX3iIdvwfsI,0
2020-10-01,gX3iIdvwfsI,0
2020-10-02,gX3iIdvwfsI,0
2020-10-03,gX3iIdvwfsI,0
2020-10-04,gX3iIdvwfsI,0
2020-10-05,gX3iIdvwfsI,0
2020-10-06,gX3iIdvwfsI,0
2020-10-07,gX3iIdvwfsI,0
2020-10-08,gX3iIdvwfsI,0
2020-10-09,gX3iIdvwfsI,0
2020-10-10,gX3iIdvwfsI,0
2020-10-11,gX3iIdvwfsI,0
2020-10-12,gX3iIdvwfsI,0
2020-10-13,gX3iIdvwfsI,0
2020-10-14,gX3iIdvwfsI,0
2020-10-15,gX3iIdvwfsI,0
2020-10-16,gX3iIdvwfsI,0
2020-10-17,gX3iIdvwfsI,0
2020-10-18,gX3iIdvwfsI,0
2020-10-19,gX3iIdvwfsI,0
2020-10-20,gX3iIdvwfsI,0
2020-10-21,gX3iIdvwfsI,0
2020-10-22,gX3iIdvwfsI,0
2020-10-23,gX3iIdvwfsI,0
2020-10-24,gX3iIdvwfsI,0
2020-10-25,gX3iIdvwfsI,0
2020-10-26,gX3iIdvwfsI,0
2020-10-27,gX3iIdvwfsI,0
2020-10-28,gX3iIdvwfsI,0
2020-10-29,gX3iIdvwfsI,0
2020-10-30,gX3iIdvwfsI,0
2020-10-31,gX3iIdvwfsI,0
2020-11-01,gX3iIdvwfsI,0
2020-11-02,gX3iIdvwfsI,0
2020-11-03,gX3iIdvwfsI,0
2020-11-04,gX3iIdvwfsI,0
2020-11-05,gX3iIdvwfsI,0
2020-11-06,gX3iIdvwfsI,0
2020-11-07,gX3iIdvwfsI,0
2020-11-08,gX3iIdvwfsI,0
2020-11-09,gX3iIdvwfsI,0
2020-11-10,gX3iIdvwfsI,5
2020-11-11,gX3iIdvwfsI,2
2020-11-12,gX3iIdvwfsI,1
2020-11-13,gX3iIdvwfsI,0
2020-11-14,gX3iIdvwfsI,2
2020-11-15,gX3iIdvwfsI,1
2020-11-16,gX3iIdvwfsI,0
2020-11-17,gX3iIdvwfsI,0
2020-11-18,gX3iIdvwfsI,0
2020-11-19,gX3iIdvwfsI,0
2020-11-20,gX3iIdvwfsI,0
2020-11-21,gX3iIdvwfsI,0
2020-11-22,gX3iIdvwfsI,0
2020-11-23,gX3iIdvwfsI,0
2020-11-24,gX3iIdvwfsI,0
2020-11-25,gX3iIdvwfsI,0
2020-11-26,gX3iIdvwfsI,0
2020-11-27,gX3iIdvwfsI,0
2020-11-28,gX3iIdvwfsI,0
2020-11-29,gX3iIdvwfsI,0
2020-11-30,gX3iIdvwfsI,0
2020-12-01,gX3iIdvwfsI,0
2020-12-02,gX3iIdvwfsI,0
2020-12-03,gX3iIdvwfsI,0
2020-12-04,gX3iIdvwfsI,0
2020-12-05,gX3iIdvwfsI,0
2020-12-06,gX3iIdvwfsI,0
2020-12-07,gX3iIdvwfsI,0
2020-12-08,gX3iIdvwfsI,0
2020-12-09,gX3iIdvwfsI,0
2020-12-10,gX3iIdvwfsI,0
2020-12-11,gX3iIdvwfsI,0
2020-04-01,nzrhjPWmUSs,0
2020-04-02,nzrhjPWmUSs,0
2020-04-03,nzrhjPWmUSs,0
2020-04-04,nzrhjPWmUSs,0
2020-04-05,nzrhjPWmUSs,0
2020-04-06,nzrhjPWmUSs,0
2020-04-07,nzrhjPWmUSs,0
2020-04-08,nzrhjPWmUSs,0
2020-04-09,nzrhjPWmUSs,0
2020-04-10,nzrhjPWmUSs,0
2020-04-11,nzrhjPWmUSs,0
2020-04-12,nzrhjPWmUSs,0
2020-04-13,nzrhjPWmUSs,0
2020-04-14,nzrhjPWmUSs,0
2020-04-15,nzrhjPWmUSs,0
2020-04-16,nzrhjPWmUSs,0
2020-04-17,nzrhjPWmUSs,0
2020-04-18,nzrhjPWmUSs,0
2020-04-19,nzrhjPWmUSs,0
2020-04-20,nzrhjPWmUSs,0
2020-04-21,nzrhjPWmUSs,0
2020-04-22,nzrhjPWmUSs,0
2020-04-23,nzrhjPWmUSs,0
2020-04-24,nzrhjPWmUSs,0
2020-04-25,nzrhjPWmUSs,0
2020-04-26,nzrhjPWmUSs,0
2020-04-27,nzrhjPWmUSs,0
2020-04-28,nzrhjPWmUSs,0
2020-04-29,nzrhjPWmUSs,0
2020-04-30,nzrhjPWmUSs,0
2020-05-01,nzrhjPWmUSs,0
2020-05-02,nzrhjPWmUSs,0
2020-05-03,nzrhjPWmUSs,0
2020-05-04,nzrhjPWmUSs,0
2020-05-05,nzrhjPWmUSs,0
2020-05-06,nzrhjPWmUSs,0
2020-05-07,nzrhjPWmUSs,0
2020-05-08,nzrhjPWmUSs,0
2020-05-09,nzrhjPWmUSs,0
2020-05-10,nzrhjPWmUSs,0
2020-05-11,nzrhjPWmUSs,0
2020-05-12,nzrhjPWmUSs,0
2020-05-13,nzrhjPWmUSs,0
2020-05-14,nzrhjPWmUSs,0
2020-05-15,nzrhjPWmUSs,0
2020-05-16,nzrhjPWmUSs,0
2020-05-17,nzrhjPWmUSs,0
2020-05-18,nzrhjPWmUSs,0
2020-05-19,nzrhjPWmUSs,0
2020-05-20,nzrhjPWmUSs,0
2020-05-21,nzrhjPWmUSs,0
2020-05-22,nzrhjPWmUSs,0
2020-05-23,nzrhjPWmUSs,0
2020-05-24,nzrhjPWmUSs,0
2020-05-25,nzrhjPWmUSs,0
2020-05-26,nzrhjPWmUSs,0
2020-05-27,nzrhjPWmUSs,0
2020-05-28,nzrhjPWmUSs,0
2020-05-29,nzrhjPWmUSs,0
2020-05-30,nzrhjPWmUSs,0
2020-05-31,nzrhjPWmUSs,0
2020-06-01,nzrhjPWmUSs,0
2020-06-02,nzrhjPWmUSs,0
2020-06-03,nzrhjPWmUSs,0
2020-06-04,nzrhjPWmUSs,0
2020-06-05,nzrhjPWmUSs,0
2020-06-06,nzrhjPWmUSs,0
2020-06-07,nzrhjPWmUSs,0
2020-06-08,nzrhjPWmUSs,0
2020-06-09,nzrhjPWmUSs,0
2020-06-10,nzrhjPWmUSs,0
2020-06-11,nzrhjPWmUSs,0
2020-06-12,nzrhjPWmUSs,0
2020-06-13,nzrhjPWmUSs,0
2020-06-14,nzrhjPWmUSs,0
2020-06-15,nzrhjPWmUSs,0
2020-06-16,nzrhjPWmUSs,0
2020-06-17,nzrhjPWmUSs,0
2020-06-18,nzrhjPWmUSs,0
2020-06-19,nzrhjPWmUSs,0
2020-06-20,nzrhjPWmUSs,0
2020-06-21,nzrhjPWmUSs,0
2020-06-22,nzrhjPWmUSs,0
2020-06-23,nzrhjPWmUSs,0
2020-06-24,nzrhjPWmUSs,0
2020-06-25,nzrhjPWmUSs,0
2020-06-26,nzrhjPWmUSs,0
2020-06-27,nzrhjPWmUSs,0
2020-06-28,nzrhjPWmUSs,0
2020-06-29,nzrhjPWmUSs,0
2020-06-30,nzrhjPWmUSs,0
2020-07-01,nzrhjPWmUSs,0
2020-07-02,nzrhjPWmUSs,0
2020-07-03,nzrhjPWmUSs,0
2020-07-04,nzrhjPWmUSs,0
2020-07-05,nzrhjPWmUSs,0
2020-07-06,nzrhjPWmUSs,0
2020-07-07,nzrhjPWmUSs,0
2020-07-08,nzrhjPWmUSs,0
2020-07-09,nzrhjPWmUSs,0
2020-07-10,nzrhjPWmUSs,0
2020-07-11,nzrhjPWmUSs,1
2020-07-12,nzrhjPWmUSs,1
2020-07-13,nzrhjPWmUSs,2
2020-07-14,nzrhjPWmUSs,0
2020-07-15,nzrhjPWmUSs,0
2020-07-16,nzrhjPWmUSs,0
2020-07-17,nzrhjPWmUSs,0
2020-07-18,nzrhjPWmUSs,0
2020-07-19,nzrhjPWmUSs,0
2020-07-20,nzrhjPWmUSs,0
2020-07-21,nzrhjPWmUSs,0
2020-07-22,nzrhjPWmUSs,0
2020-07-23,nzrhjPWmUSs,0
2020-07-24,nzrhjPWmUSs,0
2020-07-25,nzrhjPWmUSs,0
2020-07-26,nzrhjPWmUSs,0
2020-07-27,nzrhjPWmUSs,0
2020-07-28,nzrhjPWmUSs,0
2020-07-29,nzrhjPWmUSs,0
2020-07-30,nzrhjPWmUSs,0
2020-07-31,nzrhjPWmUSs,0
2020-08-01,nzrhjPWmUSs,0
2020-08-02,nzrhjPWmUSs,0
2020-08-03,nzrhjPWmUSs,0
2020-08-04,nzrhjPWmUSs,0
2020-08-05,nzrhjPWmUSs,0
2020-08-06,nzrhjPWmUSs,0
2020-08-07,nzrhjPWmUSs,0
2020-08-08,nzrhjPWmUSs,0
2020-08-09,nzrhjPWmUSs,0
2020-08-10,nzrhjPWmUSs,0
2020-08-11,nzrhjPWmUSs,0
2020-08-12,nzrhjPWmUSs,0
2020-08-13,nzrhjPWmUSs,1
2020-08-14,nzrhjPWmUSs,0
2020-08-15,nzrhjPWmUSs,0
2020-08-16,nzrhjPWmUSs,0
2020-08-17,nzrhjPWmUSs,0
2020-08-18,nzrhjPWmUSs,0
2020-08-19,nzrhjPWmUSs,0
2020-08-20,nzrhjPWmUSs,0
2020-08-21,nzrhjPWmUSs,0
2020-08-22,nzrhjPWmUSs,0
2020-08-23,nzrhjPWmUSs,2
2020-08-24,nzrhjPWmUSs,0
2020-08-25,nzrhjPWmUSs,0
2020-08-26,nzrhjPWmUSs,0
2020-08-27,nzrhjPWmUSs,0
2020-08-28,nzrhjPWmUSs,0
2020-08-29,nzrhjPWmUSs,0
2020-08-30,nzrhjPWmUSs,0
2020-08-31,nzrhjPWmUSs,0
2020-09-01,nzrhjPWmUSs,0
2020-09-02,nzrhjPWmUSs,0
2020-09-03,nzrhjPWmUSs,0
2020-09-04,nzrhjPWmUSs,0
2020-09-05,nzrhjPWmUSs,0
2020-09-06,nzrhjPWmUSs,0
2020-09-07,nzrhjPWmUSs,0
2020-09-08,nzrhjPWmUSs,0
2020-09-09,nzrhjPWmUSs,0
2020-09-10,nzrhjPWmUSs,0
2020-09-11,nzrhjPWmUSs,0
2020-09-12,nzrhjPWmUSs,0
2020-09-13,nzrhjPWmUSs,0
2020-09-14,nzrhjPWmUSs,0
2020-09-15,nzrhjPWmUSs,0
2020-09-16,nzrhjPWmUSs,0
2020-09-17,nzrhjPWmUSs,0
2020-09-18,nzrhjPWmUSs,0
2020-09-19,nzrhjPWmUSs,0
2020-09-20,nzrhjPWmUSs,0
2020-09-21,nzrhjPWmUSs,0
2020-09-22,nzrhjPWmUSs,0
2020-09-23,nzrhjPWmUSs,0
2020-09-24,nzrhjPWmUSs,0
2020-09-25,nzrhjPWmUSs,0
2020-09-26,nzrhjPWmUSs,0
2020-09-27,nzrhjPWmUSs,0
2020-09-28,nzrhjPWmUSs,0
2020-09-29,nzrhjPWmUSs,0
2020-09-30,nzrhjPWmUSs,0
2020-10-01,nzrhjPWmUSs,0
2020-10-02,nzrhjPWmUSs,0
2020-10-03,nzrhjPWmUSs,0
2020-10-04,nzrhjPWmUSs,0
2020-10-05,nzrhjPWmUSs,0
2020-10-06,nzrhjPWmUSs,0
2020-10-07,nzrhjPWmUSs,0
2020-10-08,nzrhjPWmUSs,0
2020-10-09,nzrhjPWmUSs,0
2020-10-10,nzrhjPWmUSs,0
2020-10-11,nzrhjPWmUSs,0
2020-10-12,nzrhjPWmUSs,0
2020-10-13,nzrhjPWmUSs,0
2020-10-14,nzrhjPWmUSs,0
2020-10-15,nzrhjPWmUSs,0
2020-10-16,nzrhjPWmUSs,0
2020-10-17,nzrhjPWmUSs,0
2020-10-18,nzrhjPWmUSs,0
2020-10-19,nzrhjPWmUSs,0
2020-10-20,nzrhjPWmUSs,0
2020-10-21,nzrhjPWmUSs,0
2020-10-22,nzrhjPWmUSs,0
2020-10-23,nzrhjPWmUSs,0
2020-10-24,nzrhjPWmUSs,0
2020-10-25,nzrhjPWmUSs,0
2020-10-26,nzrhjPWmUSs,0
2020-10-27,nzrhjPWmUSs,0
2020-10-28,nzrhjPWmUSs,0
2020-10-29,nzrhjPWmUSs,0
2020-10-30,nzrhjPWmUSs,0
2020-10-31,nzrhjPWmUSs,0
2020-11-01,nzrhjPWmUSs,0
2020-11-02,nzrhjPWmUSs,0
2020-11-03,nzrhjPWmUSs,0
2020-11-04,nzrhjPWmUSs,0
2020-11-05,nzrhjPWmUSs,0
2020-11-06,nzrhjPWmUSs,0
2020-11-07,nzrhjPWmUSs,0
2020-11-08,nzrhjPWmUSs,0
2020-11-09,nzrhjPWmUSs,0
2020-11-10,nzrhjPWmUSs,0
2020-11-11,nzrhjPWmUSs,1
2020-11-12,nzrhjPWmUSs,0
2020-11-13,nzrhjPWmUSs,0
2020-11-14,nzrhjPWmUSs,1
2020-11-15,nzrhjPWmUSs,0
2020-11-16,nzrhjPWmUSs,0
2020-11-17,nzrhjPWmUSs,0
2020-11-18,nzrhjPWmUSs,0
2020-11-19,nzrhjPWmUSs,0
2020-11-20,nzrhjPWmUSs,0
2020-11-21,nzrhjPWmUSs,0
2020-11-22,nzrhjPWmUSs,0
2020-11-23,nzrhjPWmUSs,0
2020-11-24,nzrhjPWmUSs,0
2020-11-25,nzrhjPWmUSs,0
2020-11-26,nzrhjPWmUSs,0
2020-11-27,nzrhjPWmUSs,1
2020-11-28,nzrhjPWmUSs,0
2020-11-29,nzrhjPWmUSs,0
2020-11-30,nzrhjPWmUSs,0
2020-12-01,nzrhjPWmUSs,0
2020-12-02,nzrhjPWmUSs,0
2020-12-03,nzrhjPWmUSs,0
2020-12-04,nzrhjPWmUSs,0
2020-12-05,nzrhjPWmUSs,0
2020-12-06,nzrhjPWmUSs,0
2020-12-07,nzrhjPWmUSs,0
2020-12-08,nzrhjPWmUSs,0
2020-12-09,nzrhjPWmUSs,0
2020-12-10,nzrhjPWmUSs,0
2020-12-11,nzrhjPWmUSs,0
2020-04-01,ogelOyjMVFw,0
2020-04-02,ogelOyjMVFw,0
2020-04-03,ogelOyjMVFw,0
2020-04-04,ogelOyjMVFw,0
2020-04-05,ogelOyjMVFw,0
2020-04-06,ogelOyjMVFw,0
2020-04-07,ogelOyjMVFw,0
2020-04-08,ogelOyjMVFw,0
2020-04-09,ogelOyjMVFw,0
2020-04-10,ogelOyjMVFw,0
2020-04-11,ogelOyjMVFw,0
2020-04-12,ogelOyjMVFw,0
2020-04-13,ogelOyjMVFw,0
2020-04-14,ogelOyjMVFw,0
2020-04-15,ogelOyjMVFw,0
2020-04-16,ogelOyjMVFw,0
2020-04-17,ogelOyjMVFw,0
2020-04-18,ogelOyjMVFw,0
2020-04-19,ogelOyjMVFw,0
2020-04-20,ogelOyjMVFw,0
2020-04-21,ogelOyjMVFw,0
2020-04-22,ogelOyjMVFw,0
2020-04-23,ogelOyjMVFw,0
2020-04-24,ogelOyjMVFw,0
2020-04-25,ogelOyjMVFw,0
2020-04-26,ogelOyjMVFw,0
2020-04-27,ogelOyjMVFw,0
2020-04-28,ogelOyjMVFw,0
2020-04-29,ogelOyjMVFw,0
2020-04-30,ogelOyjMVFw,0
2020-05-01,ogelOyjMVFw,0
2020-05-02,ogelOyjMVFw,0
2020-05-03,ogelOyjMVFw,0
2020-05-04,ogelOyjMVFw,0
2020-05-05,ogelOyjMVFw,0
2020-05-06,ogelOyjMVFw,0
2020-05-07,ogelOyjMVFw,0
2020-05-08,ogelOyjMVFw,0
2020-05-09,ogelOyjMVFw,0
2020-05-10,ogelOyjMVFw,0
2020-05-11,ogelOyjMVFw,0
2020-05-12,ogelOyjMVFw,0
2020-05-13,ogelOyjMVFw,0
2020-05-14,ogelOyjMVFw,0
2020-05-15,ogelOyjMVFw,0
2020-05-16,ogelOyjMVFw,0
2020-05-17,ogelOyjMVFw,0
2020-05-18,ogelOyjMVFw,0
2020-05-19,ogelOyjMVFw,0
2020-05-20,ogelOyjMVFw,0
2020-05-21,ogelOyjMVFw,0
2020-05-22,ogelOyjMVFw,0
2020-05-23,ogelOyjMVFw,0
2020-05-24,ogelOyjMVFw,0
2020-05-25,ogelOyjMVFw,0
2020-05-26,ogelOyjMVFw,0
2020-05-27,ogelOyjMVFw,0
2020-05-28,ogelOyjMVFw,0
2020-05-29,ogelOyjMVFw,0
2020-05-30,ogelOyjMVFw,0
2020-05-31,ogelOyjMVFw,0
2020-06-01,ogelOyjMVFw,0
2020-06-02,ogelOyjMVFw,0
2020-06-03,ogelOyjMVFw,0
2020-06-04,ogelOyjMVFw,0
2020-06-05,ogelOyjMVFw,0
2020-06-06,ogelOyjMVFw,0
2020-06-07,ogelOyjMVFw,0
2020-06-08,ogelOyjMVFw,0
2020-06-09,ogelOyjMVFw,0
2020-06-10,ogelOyjMVFw,0
2020-06-11,ogelOyjMVFw,0
2020-06-12,ogelOyjMVFw,0
2020-06-13,ogelOyjMVFw,0
2020-06-14,ogelOyjMVFw,0
2020-06-15,ogelOyjMVFw,0
2020-06-16,ogelOyjMVFw,0
2020-06-17,ogelOyjMVFw,0
2020-06-18,ogelOyjMVFw,0
2020-06-19,ogelOyjMVFw,0
2020-06-20,ogelOyjMVFw,0
2020-06-21,ogelOyjMVFw,0
2020-06-22,ogelOyjMVFw,0
2020-06-23,ogelOyjMVFw,0
2020-06-24,ogelOyjMVFw,0
2020-06-25,ogelOyjMVFw,0
2020-06-26,ogelOyjMVFw,0
2020-06-27,ogelOyjMVFw,0
2020-06-28,ogelOyjMVFw,0
2020-06-29,ogelOyjMVFw,0
2020-06-30,ogelOyjMVFw,0
2020-07-01,ogelOyjMVFw,0
2020-07-02,ogelOyjMVFw,0
2020-07-03,ogelOyjMVFw,0
2020-07-04,ogelOyjMVFw,0
2020-07-05,ogelOyjMVFw,0
2020-07-06,ogelOyjMVFw,0
2020-07-07,ogelOyjMVFw,0
2020-07-08,ogelOyjMVFw,0
2020-07-09,ogelOyjMVFw,0
2020-07-10,ogelOyjMVFw,0
2020-07-11,ogelOyjMVFw,0
2020-07-12,ogelOyjMVFw,0
2020-07-13,ogelOyjMVFw,0
2020-07-14,ogelOyjMVFw,0
2020-07-15,ogelOyjMVFw,0
2020-07-16,ogelOyjMVFw,0
2020-07-17,ogelOyjMVFw,0
2020-07-18,ogelOyjMVFw,0
2020-07-19,ogelOyjMVFw,0
2020-07-20,ogelOyjMVFw,0
2020-07-21,ogelOyjMVFw,0
2020-07-22,ogelOyjMVFw,0
2020-07-23,ogelOyjMVFw,0
2020-07-24,ogelOyjMVFw,0
2020-07-25,ogelOyjMVFw,0
2020-07-26,ogelOyjMVFw,0
2020-07-27,ogelOyjMVFw,0
2020-07-28,ogelOyjMVFw,0
2020-07-29,ogelOyjMVFw,0
2020-07-30,ogelOyjMVFw,0
2020-07-31,ogelOyjMVFw,0
2020-08-01,ogelOyjMVFw,0
2020-08-02,ogelOyjMVFw,0
2020-08-03,ogelOyjMVFw,0
2020-08-04,ogelOyjMVFw,0
2020-08-05,ogelOyjMVFw,0
2020-08-06,ogelOyjMVFw,0
2020-08-07,ogelOyjMVFw,0
2020-08-08,ogelOyjMVFw,0
2020-08-09,ogelOyjMVFw,0
2020-08-10,ogelOyjMVFw,0
2020-08-11,ogelOyjMVFw,0
2020-08-12,ogelOyjMVFw,0
2020-08-13,ogelOyjMVFw,0
2020-08-14,ogelOyjMVFw,0
2020-08-15,ogelOyjMVFw,0
2020-08-16,ogelOyjMVFw,0
2020-08-17,ogelOyjMVFw,0
2020-08-18,ogelOyjMVFw,0
2020-08-19,ogelOyjMVFw,0
2020-08-20,ogelOyjMVFw,0
2020-08-21,ogelOyjMVFw,0
2020-08-22,ogelOyjMVFw,0
2020-08-23,ogelOyjMVFw,0
2020-08-24,ogelOyjMVFw,0
2020-08-25,ogelOyjMVFw,0
2020-08-26,ogelOyjMVFw,0
2020-08-27,ogelOyjMVFw,0
2020-08-28,ogelOyjMVFw,0
2020-08-29,ogelOyjMVFw,0
2020-08-30,ogelOyjMVFw,0
2020-08-31,ogelOyjMVFw,0
2020-09-01,ogelOyjMVFw,0
2020-09-02,ogelOyjMVFw,0
2020-09-03,ogelOyjMVFw,0
2020-09-04,ogelOyjMVFw,0
2020-09-05,ogelOyjMVFw,0
2020-09-06,ogelOyjMVFw,0
2020-09-07,ogelOyjMVFw,0
2020-09-08,ogelOyjMVFw,0
2020-09-09,ogelOyjMVFw,0
2020-09-10,ogelOyjMVFw,0
2020-09-11,ogelOyjMVFw,0
2020-09-12,ogelOyjMVFw,0
2020-09-13,ogelOyjMVFw,0
2020-09-14,ogelOyjMVFw,0
2020-09-15,ogelOyjMVFw,0
2020-09-16,ogelOyjMVFw,0
2020-09-17,ogelOyjMVFw,0
2020-09-18,ogelOyjMVFw,0
2020-09-19,ogelOyjMVFw,0
2020-09-20,ogelOyjMVFw,0
2020-09-21,ogelOyjMVFw,0
2020-09-22,ogelOyjMVFw,0
2020-09-23,ogelOyjMVFw,0
2020-09-24,ogelOyjMVFw,0
2020-09-25,ogelOyjMVFw,0
2020-09-26,ogelOyjMVFw,0
2020-09-27,ogelOyjMVFw,0
2020-09-28,ogelOyjMVFw,0
2020-09-29,ogelOyjMVFw,0
2020-09-30,ogelOyjMVFw,0
2020-10-01,ogelOyjMVFw,0
2020-10-02,ogelOyjMVFw,0
2020-10-03,ogelOyjMVFw,0
2020-10-04,ogelOyjMVFw,0
2020-10-05,ogelOyjMVFw,0
2020-10-06,ogelOyjMVFw,0
2020-10-07,ogelOyjMVFw,0
2020-10-08,ogelOyjMVFw,0
2020-10-09,ogelOyjMVFw,0
2020-10-10,ogelOyjMVFw,0
2020-10-11,ogelOyjMVFw,0
2020-10-12,ogelOyjMVFw,0
2020-10-13,ogelOyjMVFw,0
2020-10-14,ogelOyjMVFw,0
2020-10-15,ogelOyjMVFw,0
2020-10-16,ogelOyjMVFw,0
2020-10-17,ogelOyjMVFw,0
2020-10-18,ogelOyjMVFw,0
2020-10-19,ogelOyjMVFw,0
2020-10-20,ogelOyjMVFw,0
2020-10-21,ogelOyjMVFw,0
2020-10-22,ogelOyjMVFw,0
2020-10-23,ogelOyjMVFw,0
2020-10-24,ogelOyjMVFw,0
2020-10-25,ogelOyjMVFw,0
2020-10-26,ogelOyjMVFw,0
2020-10-27,ogelOyjMVFw,0
2020-10-28,ogelOyjMVFw,0
2020-10-29,ogelOyjMVFw,6
2020-10-30,ogelOyjMVFw,1
2020-10-31,ogelOyjMVFw,0
2020-11-01,ogelOyjMVFw,1
2020-11-02,ogelOyjMVFw,0
2020-11-03,ogelOyjMVFw,0
2020-11-04,ogelOyjMVFw,0
2020-11-05,ogelOyjMVFw,0
2020-11-06,ogelOyjMVFw,0
2020-11-07,ogelOyjMVFw,0
2020-11-08,ogelOyjMVFw,0
2020-11-09,ogelOyjMVFw,1
2020-11-10,ogelOyjMVFw,0
2020-11-11,ogelOyjMVFw,0
2020-11-12,ogelOyjMVFw,0
2020-11-13,ogelOyjMVFw,1
2020-11-14,ogelOyjMVFw,0
2020-11-15,ogelOyjMVFw,0
2020-11-16,ogelOyjMVFw,0
2020-11-17,ogelOyjMVFw,0
2020-11-18,ogelOyjMVFw,0
2020-11-19,ogelOyjMVFw,0
2020-11-20,ogelOyjMVFw,0
2020-11-21,ogelOyjMVFw,0
2020-11-22,ogelOyjMVFw,0
2020-11-23,ogelOyjMVFw,0
2020-11-24,ogelOyjMVFw,0
2020-11-25,ogelOyjMVFw,0
2020-11-26,ogelOyjMVFw,0
2020-11-27,ogelOyjMVFw,0
2020-11-28,ogelOyjMVFw,0
2020-11-29,ogelOyjMVFw,0
2020-11-30,ogelOyjMVFw,0
2020-12-01,ogelOyjMVFw,0
2020-12-02,ogelOyjMVFw,0
2020-12-03,ogelOyjMVFw,0
2020-12-04,ogelOyjMVFw,0
2020-12-05,ogelOyjMVFw,0
2020-12-06,ogelOyjMVFw,0
2020-12-07,ogelOyjMVFw,0
2020-12-08,ogelOyjMVFw,0
2020-12-09,ogelOyjMVFw,0
2020-12-10,ogelOyjMVFw,0
2020-12-11,ogelOyjMVFw,0
2020-04-01,u3-Q3FmRDbs,0
2020-04-02,u3-Q3FmRDbs,0
2020-04-03,u3-Q3FmRDbs,0
2020-04-04,u3-Q3FmRDbs,0
2020-04-05,u3-Q3FmRDbs,0
2020-04-06,u3-Q3FmRDbs,0
2020-04-07,u3-Q3FmRDbs,0
2020-04-08,u3-Q3FmRDbs,0
2020-04-09,u3-Q3FmRDbs,0
2020-04-10,u3-Q3FmRDbs,0
2020-04-11,u3-Q3FmRDbs,0
2020-04-12,u3-Q3FmRDbs,0
2020-04-13,u3-Q3FmRDbs,0
2020-04-14,u3-Q3FmRDbs,0
2020-04-15,u3-Q3FmRDbs,0
2020-04-16,u3-Q3FmRDbs,0
2020-04-17,u3-Q3FmRDbs,0
2020-04-18,u3-Q3FmRDbs,0
2020-04-19,u3-Q3FmRDbs,0
2020-04-20,u3-Q3FmRDbs,0
2020-04-21,u3-Q3FmRDbs,0
2020-04-22,u3-Q3FmRDbs,0
2020-04-23,u3-Q3FmRDbs,0
2020-04-24,u3-Q3FmRDbs,0
2020-04-25,u3-Q3FmRDbs,0
2020-04-26,u3-Q3FmRDbs,0
2020-04-27,u3-Q3FmRDbs,0
2020-04-28,u3-Q3FmRDbs,0
2020-04-29,u3-Q3FmRDbs,0
2020-04-30,u3-Q3FmRDbs,0
2020-05-01,u3-Q3FmRDbs,0
2020-05-02,u3-Q3FmRDbs,0
2020-05-03,u3-Q3FmRDbs,0
2020-05-04,u3-Q3FmRDbs,0
2020-05-05,u3-Q3FmRDbs,0
2020-05-06,u3-Q3FmRDbs,0
2020-05-07,u3-Q3FmRDbs,0
2020-05-08,u3-Q3FmRDbs,0
2020-05-09,u3-Q3FmRDbs,0
2020-05-10,u3-Q3FmRDbs,0
2020-05-11,u3-Q3FmRDbs,0
2020-05-12,u3-Q3FmRDbs,0
2020-05-13,u3-Q3FmRDbs,0
2020-05-14,u3-Q3FmRDbs,0
2020-05-15,u3-Q3FmRDbs,0
2020-05-16,u3-Q3FmRDbs,0
2020-05-17,u3-Q3FmRDbs,0
2020-05-18,u3-Q3FmRDbs,0
2020-05-19,u3-Q3FmRDbs,0
2020-05-20,u3-Q3FmRDbs,0
2020-05-21,u3-Q3FmRDbs,0
2020-05-22,u3-Q3FmRDbs,0
2020-05-23,u3-Q3FmRDbs,0
2020-05-24,u3-Q3FmRDbs,0
2020-05-25,u3-Q3FmRDbs,0
2020-05-26,u3-Q3FmRDbs,0
2020-05-27,u3-Q3FmRDbs,0
2020-05-28,u3-Q3FmRDbs,0
2020-05-29,u3-Q3FmRDbs,0
2020-05-30,u3-Q3FmRDbs,0
2020-05-31,u3-Q3FmRDbs,0
2020-06-01,u3-Q3FmRDbs,0
2020-06-02,u3-Q3FmRDbs,0
2020-06-03,u3-Q3FmRDbs,0
2020-06-04,u3-Q3FmRDbs,0
2020-06-05,u3-Q3FmRDbs,0
2020-06-06,u3-Q3FmRDbs,0
2020-06-07,u3-Q3FmRDbs,0
2020-06-08,u3-Q3FmRDbs,0
2020-06-09,u3-Q3FmRDbs,0
2020-06-10,u3-Q3FmRDbs,0
2020-06-11,u3-Q3FmRDbs,0
2020-06-12,u3-Q3FmRDbs,0
2020-06-13,u3-Q3FmRDbs,0
2020-06-14,u3-Q3FmRDbs,0
2020-06-15,u3-Q3FmRDbs,0
2020-06-16,u3-Q3FmRDbs,0
2020-06-17,u3-Q3FmRDbs,0
2020-06-18,u3-Q3FmRDbs,0
2020-06-19,u3-Q3FmRDbs,0
2020-06-20,u3-Q3FmRDbs,0
2020-06-21,u3-Q3FmRDbs,0
2020-06-22,u3-Q3FmRDbs,0
2020-06-23,u3-Q3FmRDbs,0
2020-06-24,u3-Q3FmRDbs,0
2020-06-25,u3-Q3FmRDbs,0
2020-06-26,u3-Q3FmRDbs,0
2020-06-27,u3-Q3FmRDbs,0
2020-06-28,u3-Q3FmRDbs,0
2020-06-29,u3-Q3FmRDbs,0
2020-06-30,u3-Q3FmRDbs,0
2020-07-01,u3-Q3FmRDbs,0
2020-07-02,u3-Q3FmRDbs,0
2020-07-03,u3-Q3FmRDbs,0
2020-07-04,u3-Q3FmRDbs,0
2020-07-05,u3-Q3FmRDbs,0
2020-07-06,u3-Q3FmRDbs,0
2020-07-07,u3-Q3FmRDbs,0
2020-07-08,u3-Q3FmRDbs,0
2020-07-09,u3-Q3FmRDbs,0
2020-07-10,u3-Q3FmRDbs,0
2020-07-11,u3-Q3FmRDbs,0
2020-07-12,u3-Q3FmRDbs,0
2020-07-13,u3-Q3FmRDbs,0
2020-07-14,u3-Q3FmRDbs,0
2020-07-15,u3-Q3FmRDbs,0
2020-07-16,u3-Q3FmRDbs,0
2020-07-17,u3-Q3FmRDbs,0
2020-07-18,u3-Q3FmRDbs,0
2020-07-19,u3-Q3FmRDbs,0
2020-07-20,u3-Q3FmRDbs,0
2020-07-21,u3-Q3FmRDbs,0
2020-07-22,u3-Q3FmRDbs,0
2020-07-23,u3-Q3FmRDbs,0
2020-07-24,u3-Q3FmRDbs,0
2020-07-25,u3-Q3FmRDbs,0
2020-07-26,u3-Q3FmRDbs,0
2020-07-27,u3-Q3FmRDbs,0
2020-07-28,u3-Q3FmRDbs,0
2020-07-29,u3-Q3FmRDbs,0
2020-07-30,u3-Q3FmRDbs,0
2020-07-31,u3-Q3FmRDbs,0
2020-08-01,u3-Q3FmRDbs,0
2020-08-02,u3-Q3FmRDbs,0
2020-08-03,u3-Q3FmRDbs,0
2020-08-04,u3-Q3FmRDbs,0
2020-08-05,u3-Q3FmRDbs,0
2020-08-06,u3-Q3FmRDbs,0
2020-08-07,u3-Q3FmRDbs,0
2020-08-08,u3-Q3FmRDbs,0
2020-08-09,u3-Q3FmRDbs,0
2020-08-10,u3-Q3FmRDbs,0
2020-08-11,u3-Q3FmRDbs,0
2020-08-12,u3-Q3FmRDbs,0
2020-08-13,u3-Q3FmRDbs,0
2020-08-14,u3-Q3FmRDbs,0
2020-08-15,u3-Q3FmRDbs,0
2020-08-16,u3-Q3FmRDbs,0
2020-08-17,u3-Q3FmRDbs,0
2020-08-18,u3-Q3FmRDbs,0
2020-08-19,u3-Q3FmRDbs,0
2020-08-20,u3-Q3FmRDbs,0
2020-08-21,u3-Q3FmRDbs,0
2020-08-22,u3-Q3FmRDbs,0
2020-08-23,u3-Q3FmRDbs,0
2020-08-24,u3-Q3FmRDbs,0
2020-08-25,u3-Q3FmRDbs,0
2020-08-26,u3-Q3FmRDbs,0
2020-08-27,u3-Q3FmRDbs,0
2020-08-28,u3-Q3FmRDbs,0
2020-08-29,u3-Q3FmRDbs,0
2020-08-30,u3-Q3FmRDbs,0
2020-08-31,u3-Q3FmRDbs,0
2020-09-01,u3-Q3FmRDbs,0
2020-09-02,u3-Q3FmRDbs,0
2020-09-03,u3-Q3FmRDbs,0
2020-09-04,u3-Q3FmRDbs,0
2020-09-05,u3-Q3FmRDbs,0
2020-09-06,u3-Q3FmRDbs,0
2020-09-07,u3-Q3FmRDbs,0
2020-09-08,u3-Q3FmRDbs,0
2020-09-09,u3-Q3FmRDbs,0
2020-09-10,u3-Q3FmRDbs,0
2020-09-11,u3-Q3FmRDbs,0
2020-09-12,u3-Q3FmRDbs,0
2020-09-13,u3-Q3FmRDbs,2
2020-09-14,u3-Q3FmRDbs,0
2020-09-15,u3-Q3FmRDbs,1
2020-09-16,u3-Q3FmRDbs,0
2020-09-17,u3-Q3FmRDbs,0
2020-09-18,u3-Q3FmRDbs,0
2020-09-19,u3-Q3FmRDbs,2
2020-09-20,u3-Q3FmRDbs,1
2020-09-21,u3-Q3FmRDbs,0
2020-09-22,u3-Q3FmRDbs,1
2020-09-23,u3-Q3FmRDbs,0
2020-09-24,u3-Q3FmRDbs,0
2020-09-25,u3-Q3FmRDbs,0
2020-09-26,u3-Q3FmRDbs,0
2020-09-27,u3-Q3FmRDbs,0
2020-09-28,u3-Q3FmRDbs,0
2020-09-29,u3-Q3FmRDbs,0
2020-09-30,u3-Q3FmRDbs,0
2020-10-01,u3-Q3FmRDbs,0
2020-10-02,u3-Q3FmRDbs,0
2020-10-03,u3-Q3FmRDbs,0
2020-10-04,u3-Q3FmRDbs,0
2020-10-05,u3-Q3FmRDbs,0
2020-10-06,u3-Q3FmRDbs,0
2020-10-07,u3-Q3FmRDbs,0
2020-10-08,u3-Q3FmRDbs,0
2020-10-09,u3-Q3FmRDbs,0
2020-10-10,u3-Q3FmRDbs,0
2020-10-11,u3-Q3FmRDbs,0
2020-10-12,u3-Q3FmRDbs,0
2020-10-13,u3-Q3FmRDbs,0
2020-10-14,u3-Q3FmRDbs,0
2020-10-15,u3-Q3FmRDbs,0
2020-10-16,u3-Q3FmRDbs,0
2020-10-17,u3-Q3FmRDbs,0
2020-10-18,u3-Q3FmRDbs,0
2020-10-19,u3-Q3FmRDbs,0
2020-10-20,u3-Q3FmRDbs,0
2020-10-21,u3-Q3FmRDbs,0
2020-10-22,u3-Q3FmRDbs,0
2020-10-23,u3-Q3FmRDbs,0
2020-10-24,u3-Q3FmRDbs,0
2020-10-25,u3-Q3FmRDbs,0
2020-10-26,u3-Q3FmRDbs,0
2020-10-27,u3-Q3FmRDbs,0
2020-10-28,u3-Q3FmRDbs,0
2020-10-29,u3-Q3FmRDbs,0
2020-10-30,u3-Q3FmRDbs,0
2020-10-31,u3-Q3FmRDbs,0
2020-11-01,u3-Q3FmRDbs,0
2020-11-02,u3-Q3FmRDbs,0
2020-11-03,u3-Q3FmRDbs,0
2020-11-04,u3-Q3FmRDbs,0
2020-11-05,u3-Q3FmRDbs,0
2020-11-06,u3-Q3FmRDbs,0
2020-11-07,u3-Q3FmRDbs,0
2020-11-08,u3-Q3FmRDbs,0
2020-11-09,u3-Q3FmRDbs,0
2020-11-10,u3-Q3FmRDbs,0
2020-11-11,u3-Q3FmRDbs,0
2020-11-12,u3-Q3FmRDbs,1
2020-11-13,u3-Q3FmRDbs,0
2020-11-14,u3-Q3FmRDbs,0
2020-11-15,u3-Q3FmRDbs,0
2020-11-16,u3-Q3FmRDbs,0
2020-11-17,u3-Q3FmRDbs,0
2020-11-18,u3-Q3FmRDbs,0
2020-11-19,u3-Q3FmRDbs,0
2020-11-20,u3-Q3FmRDbs,0
2020-11-21,u3-Q3FmRDbs,0
2020-11-22,u3-Q3FmRDbs,0
2020-11-23,u3-Q3FmRDbs,0
2020-11-24,u3-Q3FmRDbs,0
2020-11-25,u3-Q3FmRDbs,0
2020-11-26,u3-Q3FmRDbs,0
2020-11-27,u3-Q3FmRDbs,0
2020-11-28,u3-Q3FmRDbs,0
2020-11-29,u3-Q3FmRDbs,0
2020-11-30,u3-Q3FmRDbs,0
2020-12-01,u3-Q3FmRDbs,0
2020-12-02,u3-Q3FmRDbs,0
2020-12-03,u3-Q3FmRDbs,0
2020-12-04,u3-Q3FmRDbs,0
2020-12-05,u3-Q3FmRDbs,0
2020-12-06,u3-Q3FmRDbs,0
2020-12-07,u3-Q3FmRDbs,1
2020-12-08,u3-Q3FmRDbs,0
2020-12-09,u3-Q3FmRDbs,0
2020-12-10,u3-Q3FmRDbs,0
2020-12-11,u3-Q3FmRDbs,0
