Data,Video,Tempo di visualizzazione (ore)
2020-04-01,83BnzNllyv8,0.0
2020-04-02,83BnzNllyv8,0.0
2020-04-03,83BnzNllyv8,0.0
2020-04-04,83BnzNllyv8,0.0
2020-04-05,83BnzNllyv8,0.0
2020-04-06,83BnzNllyv8,0.0
2020-04-07,83BnzNllyv8,0.0
2020-04-08,83BnzNllyv8,0.0
2020-04-09,83BnzNllyv8,0.0
2020-04-10,83BnzNllyv8,0.0
2020-04-11,83BnzNllyv8,0.0
2020-04-12,83BnzNllyv8,0.0
2020-04-13,83BnzNllyv8,0.0
2020-04-14,83BnzNllyv8,0.0
2020-04-15,83BnzNllyv8,0.0
2020-04-16,83BnzNllyv8,0.0
2020-04-17,83BnzNllyv8,0.0
2020-04-18,83BnzNllyv8,0.0
2020-04-19,83BnzNllyv8,0.0
2020-04-20,83BnzNllyv8,0.0
2020-04-21,83BnzNllyv8,0.0
2020-04-22,83BnzNllyv8,0.0
2020-04-23,83BnzNllyv8,0.0
2020-04-24,83BnzNllyv8,0.0
2020-04-25,83BnzNllyv8,0.0
2020-04-26,83BnzNllyv8,0.0
2020-04-27,83BnzNllyv8,0.0
2020-04-28,83BnzNllyv8,0.0
2020-04-29,83BnzNllyv8,0.0
2020-04-30,83BnzNllyv8,0.0
2020-05-01,83BnzNllyv8,0.0
2020-05-02,83BnzNllyv8,0.0
2020-05-03,83BnzNllyv8,0.0
2020-05-04,83BnzNllyv8,0.0
2020-05-05,83BnzNllyv8,0.0
2020-05-06,83BnzNllyv8,0.0
2020-05-07,83BnzNllyv8,0.0
2020-05-08,83BnzNllyv8,0.0
2020-05-09,83BnzNllyv8,0.0
2020-05-10,83BnzNllyv8,0.0
2020-05-11,83BnzNllyv8,0.0
2020-05-12,83BnzNllyv8,0.0
2020-05-13,83BnzNllyv8,0.0
2020-05-14,83BnzNllyv8,0.0
2020-05-15,83BnzNllyv8,0.0
2020-05-16,83BnzNllyv8,0.0
2020-05-17,83BnzNllyv8,0.0
2020-05-18,83BnzNllyv8,0.0
2020-05-19,83BnzNllyv8,0.0
2020-05-20,83BnzNllyv8,0.0
2020-05-21,83BnzNllyv8,0.0
2020-05-22,83BnzNllyv8,0.0
2020-05-23,83BnzNllyv8,0.0
2020-05-24,83BnzNllyv8,0.0
2020-05-25,83BnzNllyv8,0.0
2020-05-26,83BnzNllyv8,0.0
2020-05-27,83BnzNllyv8,0.0
2020-05-28,83BnzNllyv8,0.0
2020-05-29,83BnzNllyv8,0.0
2020-05-30,83BnzNllyv8,0.0
2020-05-31,83BnzNllyv8,0.0
2020-06-01,83BnzNllyv8,0.0
2020-06-02,83BnzNllyv8,0.0
2020-06-03,83BnzNllyv8,0.0
2020-06-04,83BnzNllyv8,0.0
2020-06-05,83BnzNllyv8,0.0
2020-06-06,83BnzNllyv8,0.0
2020-06-07,83BnzNllyv8,0.0
2020-06-08,83BnzNllyv8,0.0
2020-06-09,83BnzNllyv8,0.0
2020-06-10,83BnzNllyv8,0.0
2020-06-11,83BnzNllyv8,0.0
2020-06-12,83BnzNllyv8,0.0
2020-06-13,83BnzNllyv8,0.0
2020-06-14,83BnzNllyv8,0.0
2020-06-15,83BnzNllyv8,0.0
2020-06-16,83BnzNllyv8,0.0
2020-06-17,83BnzNllyv8,0.0
2020-06-18,83BnzNllyv8,0.0
2020-06-19,83BnzNllyv8,0.0
2020-06-20,83BnzNllyv8,0.0
2020-06-21,83BnzNllyv8,0.0
2020-06-22,83BnzNllyv8,0.0
2020-06-23,83BnzNllyv8,0.0
2020-06-24,83BnzNllyv8,0.0
2020-06-25,83BnzNllyv8,0.0
2020-06-26,83BnzNllyv8,0.0
2020-06-27,83BnzNllyv8,0.0
2020-06-28,83BnzNllyv8,0.0
2020-06-29,83BnzNllyv8,0.0
2020-06-30,83BnzNllyv8,0.0
2020-07-01,83BnzNllyv8,0.0
2020-07-02,83BnzNllyv8,0.0
2020-07-03,83BnzNllyv8,0.0
2020-07-04,83BnzNllyv8,0.0
2020-07-05,83BnzNllyv8,0.0
2020-07-06,83BnzNllyv8,0.0
2020-07-07,83BnzNllyv8,0.0
2020-07-08,83BnzNllyv8,0.0
2020-07-09,83BnzNllyv8,0.0
2020-07-10,83BnzNllyv8,0.0
2020-07-11,83BnzNllyv8,0.0
2020-07-12,83BnzNllyv8,0.0
2020-07-13,83BnzNllyv8,0.0
2020-07-14,83BnzNllyv8,0.0
2020-07-15,83BnzNllyv8,0.0
2020-07-16,83BnzNllyv8,0.0
2020-07-17,83BnzNllyv8,0.0
2020-07-18,83BnzNllyv8,0.0
2020-07-19,83BnzNllyv8,0.0
2020-07-20,83BnzNllyv8,0.0
2020-07-21,83BnzNllyv8,0.0
2020-07-22,83BnzNllyv8,0.0
2020-07-23,83BnzNllyv8,0.0
2020-07-24,83BnzNllyv8,0.0
2020-07-25,83BnzNllyv8,0.0
2020-07-26,83BnzNllyv8,0.0
2020-07-27,83BnzNllyv8,0.0
2020-07-28,83BnzNllyv8,0.0
2020-07-29,83BnzNllyv8,0.0
2020-07-30,83BnzNllyv8,0.0
2020-07-31,83BnzNllyv8,0.0
2020-08-01,83BnzNllyv8,0.0
2020-08-02,83BnzNllyv8,0.0
2020-08-03,83BnzNllyv8,0.0
2020-08-04,83BnzNllyv8,0.0
2020-08-05,83BnzNllyv8,0.0
2020-08-06,83BnzNllyv8,0.0
2020-08-07,83BnzNllyv8,0.0
2020-08-08,83BnzNllyv8,0.0
2020-08-09,83BnzNllyv8,0.0
2020-08-10,83BnzNllyv8,0.0
2020-08-11,83BnzNllyv8,0.0
2020-08-12,83BnzNllyv8,0.0
2020-08-13,83BnzNllyv8,0.0
2020-08-14,83BnzNllyv8,0.0
2020-08-15,83BnzNllyv8,0.0
2020-08-16,83BnzNllyv8,0.0
2020-08-17,83BnzNllyv8,0.0
2020-08-18,83BnzNllyv8,0.0
2020-08-19,83BnzNllyv8,0.0
2020-08-20,83BnzNllyv8,0.0
2020-08-21,83BnzNllyv8,0.0
2020-08-22,83BnzNllyv8,0.0
2020-08-23,83BnzNllyv8,0.0
2020-08-24,83BnzNllyv8,0.0
2020-08-25,83BnzNllyv8,0.0
2020-08-26,83BnzNllyv8,0.0
2020-08-27,83BnzNllyv8,0.0
2020-08-28,83BnzNllyv8,0.0
2020-08-29,83BnzNllyv8,0.0
2020-08-30,83BnzNllyv8,0.0
2020-08-31,83BnzNllyv8,0.0
2020-09-01,83BnzNllyv8,0.0
2020-09-02,83BnzNllyv8,0.0
2020-09-03,83BnzNllyv8,0.0
2020-09-04,83BnzNllyv8,0.0
2020-09-05,83BnzNllyv8,0.0
2020-09-06,83BnzNllyv8,0.0
2020-09-07,83BnzNllyv8,0.0
2020-09-08,83BnzNllyv8,0.0
2020-09-09,83BnzNllyv8,0.0
2020-09-10,83BnzNllyv8,0.0
2020-09-11,83BnzNllyv8,0.0
2020-09-12,83BnzNllyv8,0.0
2020-09-13,83BnzNllyv8,0.0
2020-09-14,83BnzNllyv8,0.0
2020-09-15,83BnzNllyv8,0.0
2020-09-16,83BnzNllyv8,0.0
2020-09-17,83BnzNllyv8,0.0
2020-09-18,83BnzNllyv8,0.0
2020-09-19,83BnzNllyv8,0.0
2020-09-20,83BnzNllyv8,0.0
2020-09-21,83BnzNllyv8,0.0
2020-09-22,83BnzNllyv8,0.0
2020-09-23,83BnzNllyv8,0.0
2020-09-24,83BnzNllyv8,0.0
2020-09-25,83BnzNllyv8,0.0
2020-09-26,83BnzNllyv8,0.0
2020-09-27,83BnzNllyv8,0.0
2020-09-28,83BnzNllyv8,0.0
2020-09-29,83BnzNllyv8,0.0
2020-09-30,83BnzNllyv8,0.0
2020-10-01,83BnzNllyv8,0.0
2020-10-02,83BnzNllyv8,0.0
2020-10-03,83BnzNllyv8,0.0
2020-10-04,83BnzNllyv8,0.0
2020-10-05,83BnzNllyv8,0.0
2020-10-06,83BnzNllyv8,0.0
2020-10-07,83BnzNllyv8,0.0
2020-10-08,83BnzNllyv8,0.0
2020-10-09,83BnzNllyv8,0.0
2020-10-10,83BnzNllyv8,0.0
2020-10-11,83BnzNllyv8,0.0
2020-10-12,83BnzNllyv8,0.0
2020-10-13,83BnzNllyv8,0.0
2020-10-14,83BnzNllyv8,0.0
2020-10-15,83BnzNllyv8,0.0
2020-10-16,83BnzNllyv8,0.0
2020-10-17,83BnzNllyv8,0.0
2020-10-18,83BnzNllyv8,0.0
2020-10-19,83BnzNllyv8,0.0
2020-10-20,83BnzNllyv8,0.0
2020-10-21,83BnzNllyv8,0.0
2020-10-22,83BnzNllyv8,0.0
2020-10-23,83BnzNllyv8,0.0
2020-10-24,83BnzNllyv8,0.0
2020-10-25,83BnzNllyv8,0.0
2020-10-26,83BnzNllyv8,0.0
2020-10-27,83BnzNllyv8,0.0
2020-10-28,83BnzNllyv8,0.0
2020-10-29,83BnzNllyv8,0.0
2020-10-30,83BnzNllyv8,0.0
2020-10-31,83BnzNllyv8,0.0
2020-11-01,83BnzNllyv8,0.0
2020-11-02,83BnzNllyv8,0.0
2020-11-03,83BnzNllyv8,0.0
2020-11-04,83BnzNllyv8,0.0
2020-11-05,83BnzNllyv8,0.0
2020-11-06,83BnzNllyv8,0.0
2020-11-07,83BnzNllyv8,0.0
2020-11-08,83BnzNllyv8,0.0
2020-11-09,83BnzNllyv8,0.0
2020-11-10,83BnzNllyv8,0.0
2020-11-11,83BnzNllyv8,0.0
2020-11-12,83BnzNllyv8,0.0
2020-11-13,83BnzNllyv8,0.0
2020-11-14,83BnzNllyv8,0.0
2020-11-15,83BnzNllyv8,0.0
2020-11-16,83BnzNllyv8,0.0
2020-11-17,83BnzNllyv8,0.0
2020-11-18,83BnzNllyv8,0.0
2020-11-19,83BnzNllyv8,0.0
2020-11-20,83BnzNllyv8,0.0
2020-11-21,83BnzNllyv8,0.0
2020-11-22,83BnzNllyv8,0.0
2020-11-23,83BnzNllyv8,0.0
2020-11-24,83BnzNllyv8,0.0
2020-11-25,83BnzNllyv8,0.0
2020-11-26,83BnzNllyv8,0.0
2020-11-27,83BnzNllyv8,0.0
2020-11-28,83BnzNllyv8,0.0
2020-11-29,83BnzNllyv8,0.0
2020-11-30,83BnzNllyv8,0.0
2020-12-01,83BnzNllyv8,234.8472
2020-12-02,83BnzNllyv8,56.2785
2020-12-03,83BnzNllyv8,16.8127
2020-12-04,83BnzNllyv8,10.4728
2020-12-05,83BnzNllyv8,13.3386
2020-12-06,83BnzNllyv8,13.9237
2020-12-07,83BnzNllyv8,10.6629
2020-12-08,83BnzNllyv8,9.1495
2020-12-09,83BnzNllyv8,7.2278
2020-12-10,83BnzNllyv8,7.2239
2020-12-11,83BnzNllyv8,4.3014
2020-04-01,A8RdtBMNTLQ,0.0
2020-04-02,A8RdtBMNTLQ,0.0
2020-04-03,A8RdtBMNTLQ,0.0
2020-04-04,A8RdtBMNTLQ,0.0
2020-04-05,A8RdtBMNTLQ,0.0
2020-04-06,A8RdtBMNTLQ,0.0
2020-04-07,A8RdtBMNTLQ,0.0
2020-04-08,A8RdtBMNTLQ,0.0
2020-04-09,A8RdtBMNTLQ,0.0
2020-04-10,A8RdtBMNTLQ,0.0
2020-04-11,A8RdtBMNTLQ,0.0
2020-04-12,A8RdtBMNTLQ,0.0
2020-04-13,A8RdtBMNTLQ,0.0
2020-04-14,A8RdtBMNTLQ,0.0
2020-04-15,A8RdtBMNTLQ,0.0
2020-04-16,A8RdtBMNTLQ,0.0
2020-04-17,A8RdtBMNTLQ,0.0
2020-04-18,A8RdtBMNTLQ,0.0
2020-04-19,A8RdtBMNTLQ,0.0
2020-04-20,A8RdtBMNTLQ,0.0
2020-04-21,A8RdtBMNTLQ,0.0
2020-04-22,A8RdtBMNTLQ,0.0
2020-04-23,A8RdtBMNTLQ,0.0
2020-04-24,A8RdtBMNTLQ,0.0
2020-04-25,A8RdtBMNTLQ,0.0
2020-04-26,A8RdtBMNTLQ,0.0
2020-04-27,A8RdtBMNTLQ,0.0
2020-04-28,A8RdtBMNTLQ,0.0
2020-04-29,A8RdtBMNTLQ,0.0
2020-04-30,A8RdtBMNTLQ,0.0
2020-05-01,A8RdtBMNTLQ,0.0
2020-05-02,A8RdtBMNTLQ,0.0
2020-05-03,A8RdtBMNTLQ,0.0
2020-05-04,A8RdtBMNTLQ,0.0
2020-05-05,A8RdtBMNTLQ,0.0
2020-05-06,A8RdtBMNTLQ,0.0
2020-05-07,A8RdtBMNTLQ,0.0
2020-05-08,A8RdtBMNTLQ,0.0
2020-05-09,A8RdtBMNTLQ,0.0
2020-05-10,A8RdtBMNTLQ,0.0
2020-05-11,A8RdtBMNTLQ,0.0
2020-05-12,A8RdtBMNTLQ,0.0
2020-05-13,A8RdtBMNTLQ,0.0
2020-05-14,A8RdtBMNTLQ,0.0
2020-05-15,A8RdtBMNTLQ,0.0
2020-05-16,A8RdtBMNTLQ,0.0
2020-05-17,A8RdtBMNTLQ,0.0
2020-05-18,A8RdtBMNTLQ,0.0
2020-05-19,A8RdtBMNTLQ,0.0
2020-05-20,A8RdtBMNTLQ,0.0
2020-05-21,A8RdtBMNTLQ,0.0
2020-05-22,A8RdtBMNTLQ,0.0
2020-05-23,A8RdtBMNTLQ,0.0
2020-05-24,A8RdtBMNTLQ,0.0
2020-05-25,A8RdtBMNTLQ,0.0
2020-05-26,A8RdtBMNTLQ,0.0
2020-05-27,A8RdtBMNTLQ,0.0
2020-05-28,A8RdtBMNTLQ,0.0
2020-05-29,A8RdtBMNTLQ,0.0
2020-05-30,A8RdtBMNTLQ,0.0
2020-05-31,A8RdtBMNTLQ,0.0
2020-06-01,A8RdtBMNTLQ,0.0
2020-06-02,A8RdtBMNTLQ,0.0
2020-06-03,A8RdtBMNTLQ,0.0
2020-06-04,A8RdtBMNTLQ,0.0
2020-06-05,A8RdtBMNTLQ,0.0
2020-06-06,A8RdtBMNTLQ,0.0
2020-06-07,A8RdtBMNTLQ,0.0
2020-06-08,A8RdtBMNTLQ,0.0
2020-06-09,A8RdtBMNTLQ,0.0
2020-06-10,A8RdtBMNTLQ,0.0
2020-06-11,A8RdtBMNTLQ,0.0
2020-06-12,A8RdtBMNTLQ,0.0
2020-06-13,A8RdtBMNTLQ,0.0
2020-06-14,A8RdtBMNTLQ,0.0
2020-06-15,A8RdtBMNTLQ,0.0
2020-06-16,A8RdtBMNTLQ,0.0
2020-06-17,A8RdtBMNTLQ,0.0
2020-06-18,A8RdtBMNTLQ,0.0
2020-06-19,A8RdtBMNTLQ,0.0
2020-06-20,A8RdtBMNTLQ,0.0
2020-06-21,A8RdtBMNTLQ,0.0
2020-06-22,A8RdtBMNTLQ,0.0
2020-06-23,A8RdtBMNTLQ,0.0
2020-06-24,A8RdtBMNTLQ,0.0
2020-06-25,A8RdtBMNTLQ,0.0
2020-06-26,A8RdtBMNTLQ,0.0
2020-06-27,A8RdtBMNTLQ,0.0
2020-06-28,A8RdtBMNTLQ,0.0
2020-06-29,A8RdtBMNTLQ,0.0
2020-06-30,A8RdtBMNTLQ,0.0
2020-07-01,A8RdtBMNTLQ,0.0
2020-07-02,A8RdtBMNTLQ,0.0
2020-07-03,A8RdtBMNTLQ,0.0
2020-07-04,A8RdtBMNTLQ,0.0
2020-07-05,A8RdtBMNTLQ,0.0
2020-07-06,A8RdtBMNTLQ,0.0
2020-07-07,A8RdtBMNTLQ,0.0
2020-07-08,A8RdtBMNTLQ,0.0
2020-07-09,A8RdtBMNTLQ,0.0
2020-07-10,A8RdtBMNTLQ,0.0
2020-07-11,A8RdtBMNTLQ,0.0
2020-07-12,A8RdtBMNTLQ,0.0
2020-07-13,A8RdtBMNTLQ,0.0
2020-07-14,A8RdtBMNTLQ,0.0
2020-07-15,A8RdtBMNTLQ,0.0
2020-07-16,A8RdtBMNTLQ,0.0
2020-07-17,A8RdtBMNTLQ,0.0
2020-07-18,A8RdtBMNTLQ,0.0
2020-07-19,A8RdtBMNTLQ,0.0
2020-07-20,A8RdtBMNTLQ,0.0
2020-07-21,A8RdtBMNTLQ,0.0
2020-07-22,A8RdtBMNTLQ,0.0
2020-07-23,A8RdtBMNTLQ,0.0
2020-07-24,A8RdtBMNTLQ,0.0
2020-07-25,A8RdtBMNTLQ,0.0
2020-07-26,A8RdtBMNTLQ,0.0
2020-07-27,A8RdtBMNTLQ,0.0
2020-07-28,A8RdtBMNTLQ,0.0
2020-07-29,A8RdtBMNTLQ,0.0
2020-07-30,A8RdtBMNTLQ,0.0
2020-07-31,A8RdtBMNTLQ,0.0
2020-08-01,A8RdtBMNTLQ,0.0
2020-08-02,A8RdtBMNTLQ,0.0
2020-08-03,A8RdtBMNTLQ,0.0
2020-08-04,A8RdtBMNTLQ,0.0
2020-08-05,A8RdtBMNTLQ,0.0
2020-08-06,A8RdtBMNTLQ,0.0
2020-08-07,A8RdtBMNTLQ,0.0
2020-08-08,A8RdtBMNTLQ,0.0
2020-08-09,A8RdtBMNTLQ,0.0
2020-08-10,A8RdtBMNTLQ,0.0
2020-08-11,A8RdtBMNTLQ,0.0
2020-08-12,A8RdtBMNTLQ,0.0
2020-08-13,A8RdtBMNTLQ,0.0
2020-08-14,A8RdtBMNTLQ,0.0
2020-08-15,A8RdtBMNTLQ,0.0
2020-08-16,A8RdtBMNTLQ,0.0
2020-08-17,A8RdtBMNTLQ,0.0
2020-08-18,A8RdtBMNTLQ,0.0
2020-08-19,A8RdtBMNTLQ,0.0
2020-08-20,A8RdtBMNTLQ,0.0
2020-08-21,A8RdtBMNTLQ,0.0
2020-08-22,A8RdtBMNTLQ,0.0
2020-08-23,A8RdtBMNTLQ,0.0
2020-08-24,A8RdtBMNTLQ,0.0
2020-08-25,A8RdtBMNTLQ,0.0
2020-08-26,A8RdtBMNTLQ,0.0
2020-08-27,A8RdtBMNTLQ,0.0
2020-08-28,A8RdtBMNTLQ,0.0
2020-08-29,A8RdtBMNTLQ,0.0
2020-08-30,A8RdtBMNTLQ,0.0
2020-08-31,A8RdtBMNTLQ,0.0
2020-09-01,A8RdtBMNTLQ,0.0
2020-09-02,A8RdtBMNTLQ,0.0
2020-09-03,A8RdtBMNTLQ,0.0
2020-09-04,A8RdtBMNTLQ,0.0
2020-09-05,A8RdtBMNTLQ,0.0
2020-09-06,A8RdtBMNTLQ,0.0
2020-09-07,A8RdtBMNTLQ,0.0
2020-09-08,A8RdtBMNTLQ,0.0
2020-09-09,A8RdtBMNTLQ,0.0
2020-09-10,A8RdtBMNTLQ,0.0
2020-09-11,A8RdtBMNTLQ,0.0
2020-09-12,A8RdtBMNTLQ,0.0
2020-09-13,A8RdtBMNTLQ,0.0
2020-09-14,A8RdtBMNTLQ,0.0
2020-09-15,A8RdtBMNTLQ,0.0
2020-09-16,A8RdtBMNTLQ,0.0
2020-09-17,A8RdtBMNTLQ,0.0
2020-09-18,A8RdtBMNTLQ,0.0
2020-09-19,A8RdtBMNTLQ,0.0
2020-09-20,A8RdtBMNTLQ,0.0
2020-09-21,A8RdtBMNTLQ,0.0
2020-09-22,A8RdtBMNTLQ,0.0
2020-09-23,A8RdtBMNTLQ,0.0
2020-09-24,A8RdtBMNTLQ,0.0
2020-09-25,A8RdtBMNTLQ,0.0
2020-09-26,A8RdtBMNTLQ,0.0
2020-09-27,A8RdtBMNTLQ,0.0
2020-09-28,A8RdtBMNTLQ,0.0
2020-09-29,A8RdtBMNTLQ,0.0
2020-09-30,A8RdtBMNTLQ,0.0
2020-10-01,A8RdtBMNTLQ,0.0
2020-10-02,A8RdtBMNTLQ,0.0
2020-10-03,A8RdtBMNTLQ,0.0
2020-10-04,A8RdtBMNTLQ,0.0
2020-10-05,A8RdtBMNTLQ,0.0
2020-10-06,A8RdtBMNTLQ,0.0
2020-10-07,A8RdtBMNTLQ,0.0
2020-10-08,A8RdtBMNTLQ,97.7151
2020-10-09,A8RdtBMNTLQ,34.8516
2020-10-10,A8RdtBMNTLQ,17.4001
2020-10-11,A8RdtBMNTLQ,13.6886
2020-10-12,A8RdtBMNTLQ,5.0725
2020-10-13,A8RdtBMNTLQ,2.8334
2020-10-14,A8RdtBMNTLQ,1.7881
2020-10-15,A8RdtBMNTLQ,0.958
2020-10-16,A8RdtBMNTLQ,3.4498
2020-10-17,A8RdtBMNTLQ,1.3063
2020-10-18,A8RdtBMNTLQ,2.7297
2020-10-19,A8RdtBMNTLQ,3.4046
2020-10-20,A8RdtBMNTLQ,1.3381
2020-10-21,A8RdtBMNTLQ,1.6324
2020-10-22,A8RdtBMNTLQ,1.6261
2020-10-23,A8RdtBMNTLQ,1.7525
2020-10-24,A8RdtBMNTLQ,2.9053
2020-10-25,A8RdtBMNTLQ,2.5373
2020-10-26,A8RdtBMNTLQ,1.4278
2020-10-27,A8RdtBMNTLQ,1.4495
2020-10-28,A8RdtBMNTLQ,0.7602
2020-10-29,A8RdtBMNTLQ,0.3984
2020-10-30,A8RdtBMNTLQ,1.1967
2020-10-31,A8RdtBMNTLQ,3.0594
2020-11-01,A8RdtBMNTLQ,1.3019
2020-11-02,A8RdtBMNTLQ,0.9842
2020-11-03,A8RdtBMNTLQ,1.0261
2020-11-04,A8RdtBMNTLQ,1.6065
2020-11-05,A8RdtBMNTLQ,2.3519
2020-11-06,A8RdtBMNTLQ,2.904
2020-11-07,A8RdtBMNTLQ,3.5307
2020-11-08,A8RdtBMNTLQ,2.3655
2020-11-09,A8RdtBMNTLQ,2.4379
2020-11-10,A8RdtBMNTLQ,1.3780000000000001
2020-11-11,A8RdtBMNTLQ,1.4449
2020-11-12,A8RdtBMNTLQ,1.7922
2020-11-13,A8RdtBMNTLQ,3.4004
2020-11-14,A8RdtBMNTLQ,2.3903
2020-11-15,A8RdtBMNTLQ,3.2946
2020-11-16,A8RdtBMNTLQ,2.8908
2020-11-17,A8RdtBMNTLQ,2.1008
2020-11-18,A8RdtBMNTLQ,2.3592
2020-11-19,A8RdtBMNTLQ,0.882
2020-11-20,A8RdtBMNTLQ,1.9463
2020-11-21,A8RdtBMNTLQ,2.4819
2020-11-22,A8RdtBMNTLQ,2.0877
2020-11-23,A8RdtBMNTLQ,2.1408
2020-11-24,A8RdtBMNTLQ,1.4341
2020-11-25,A8RdtBMNTLQ,1.4954
2020-11-26,A8RdtBMNTLQ,2.8184
2020-11-27,A8RdtBMNTLQ,1.8769
2020-11-28,A8RdtBMNTLQ,1.0821
2020-11-29,A8RdtBMNTLQ,1.4594
2020-11-30,A8RdtBMNTLQ,1.5581
2020-12-01,A8RdtBMNTLQ,1.1801
2020-12-02,A8RdtBMNTLQ,1.3488
2020-12-03,A8RdtBMNTLQ,1.7329
2020-12-04,A8RdtBMNTLQ,1.0285
2020-12-05,A8RdtBMNTLQ,2.4753
2020-12-06,A8RdtBMNTLQ,2.16
2020-12-07,A8RdtBMNTLQ,2.1761
2020-12-08,A8RdtBMNTLQ,2.3325
2020-12-09,A8RdtBMNTLQ,2.3956
2020-12-10,A8RdtBMNTLQ,1.4435
2020-12-11,A8RdtBMNTLQ,2.4071
2020-04-01,IGGEJegyZPM,0.0
2020-04-02,IGGEJegyZPM,0.0
2020-04-03,IGGEJegyZPM,0.0
2020-04-04,IGGEJegyZPM,0.0
2020-04-05,IGGEJegyZPM,0.0
2020-04-06,IGGEJegyZPM,0.0
2020-04-07,IGGEJegyZPM,0.0
2020-04-08,IGGEJegyZPM,0.0
2020-04-09,IGGEJegyZPM,0.0
2020-04-10,IGGEJegyZPM,0.0
2020-04-11,IGGEJegyZPM,0.0
2020-04-12,IGGEJegyZPM,0.0
2020-04-13,IGGEJegyZPM,0.0
2020-04-14,IGGEJegyZPM,0.0
2020-04-15,IGGEJegyZPM,0.0
2020-04-16,IGGEJegyZPM,0.0
2020-04-17,IGGEJegyZPM,0.0
2020-04-18,IGGEJegyZPM,0.0
2020-04-19,IGGEJegyZPM,0.0
2020-04-20,IGGEJegyZPM,0.0
2020-04-21,IGGEJegyZPM,0.0
2020-04-22,IGGEJegyZPM,0.0
2020-04-23,IGGEJegyZPM,0.0
2020-04-24,IGGEJegyZPM,0.0
2020-04-25,IGGEJegyZPM,0.0
2020-04-26,IGGEJegyZPM,0.0
2020-04-27,IGGEJegyZPM,0.0
2020-04-28,IGGEJegyZPM,0.0
2020-04-29,IGGEJegyZPM,0.0
2020-04-30,IGGEJegyZPM,0.0
2020-05-01,IGGEJegyZPM,0.0
2020-05-02,IGGEJegyZPM,0.0
2020-05-03,IGGEJegyZPM,0.0
2020-05-04,IGGEJegyZPM,0.0
2020-05-05,IGGEJegyZPM,0.0
2020-05-06,IGGEJegyZPM,0.0
2020-05-07,IGGEJegyZPM,0.0
2020-05-08,IGGEJegyZPM,0.0
2020-05-09,IGGEJegyZPM,0.0
2020-05-10,IGGEJegyZPM,0.0
2020-05-11,IGGEJegyZPM,0.0
2020-05-12,IGGEJegyZPM,0.0
2020-05-13,IGGEJegyZPM,0.0
2020-05-14,IGGEJegyZPM,0.0
2020-05-15,IGGEJegyZPM,0.0
2020-05-16,IGGEJegyZPM,0.0
2020-05-17,IGGEJegyZPM,0.0
2020-05-18,IGGEJegyZPM,0.0
2020-05-19,IGGEJegyZPM,0.2413
2020-05-20,IGGEJegyZPM,7.5726
2020-05-21,IGGEJegyZPM,1.4808
2020-05-22,IGGEJegyZPM,0.9420000000000001
2020-05-23,IGGEJegyZPM,0.8759999999999999
2020-05-24,IGGEJegyZPM,0.7301
2020-05-25,IGGEJegyZPM,0.8155
2020-05-26,IGGEJegyZPM,0.9467
2020-05-27,IGGEJegyZPM,0.7748
2020-05-28,IGGEJegyZPM,1.1295
2020-05-29,IGGEJegyZPM,0.2361
2020-05-30,IGGEJegyZPM,0.8242
2020-05-31,IGGEJegyZPM,0.7215
2020-06-01,IGGEJegyZPM,0.3245
2020-06-02,IGGEJegyZPM,1.0313
2020-06-03,IGGEJegyZPM,0.3469
2020-06-04,IGGEJegyZPM,0.5344
2020-06-05,IGGEJegyZPM,0.2582
2020-06-06,IGGEJegyZPM,0.7219
2020-06-07,IGGEJegyZPM,2.1803
2020-06-08,IGGEJegyZPM,1.3764
2020-06-09,IGGEJegyZPM,1.0599
2020-06-10,IGGEJegyZPM,0.7328
2020-06-11,IGGEJegyZPM,0.5134
2020-06-12,IGGEJegyZPM,0.5314
2020-06-13,IGGEJegyZPM,1.1358
2020-06-14,IGGEJegyZPM,1.4999
2020-06-15,IGGEJegyZPM,0.7083
2020-06-16,IGGEJegyZPM,0.2578
2020-06-17,IGGEJegyZPM,1.5113
2020-06-18,IGGEJegyZPM,1.617
2020-06-19,IGGEJegyZPM,0.5427
2020-06-20,IGGEJegyZPM,1.2086
2020-06-21,IGGEJegyZPM,1.2225
2020-06-22,IGGEJegyZPM,0.4616
2020-06-23,IGGEJegyZPM,0.6294
2020-06-24,IGGEJegyZPM,0.9555
2020-06-25,IGGEJegyZPM,1.5019
2020-06-26,IGGEJegyZPM,0.6308
2020-06-27,IGGEJegyZPM,1.4396
2020-06-28,IGGEJegyZPM,1.1888
2020-06-29,IGGEJegyZPM,2.4868
2020-06-30,IGGEJegyZPM,1.2016
2020-07-01,IGGEJegyZPM,0.8397
2020-07-02,IGGEJegyZPM,2.8471
2020-07-03,IGGEJegyZPM,1.964
2020-07-04,IGGEJegyZPM,2.2884
2020-07-05,IGGEJegyZPM,2.4108
2020-07-06,IGGEJegyZPM,1.1693
2020-07-07,IGGEJegyZPM,1.3980000000000001
2020-07-08,IGGEJegyZPM,1.3138
2020-07-09,IGGEJegyZPM,1.0256
2020-07-10,IGGEJegyZPM,1.1766
2020-07-11,IGGEJegyZPM,1.8066
2020-07-12,IGGEJegyZPM,0.2472
2020-07-13,IGGEJegyZPM,0.4898
2020-07-14,IGGEJegyZPM,0.5197
2020-07-15,IGGEJegyZPM,1.5477
2020-07-16,IGGEJegyZPM,0.7324
2020-07-17,IGGEJegyZPM,1.1838
2020-07-18,IGGEJegyZPM,0.4009
2020-07-19,IGGEJegyZPM,1.3425
2020-07-20,IGGEJegyZPM,0.9421
2020-07-21,IGGEJegyZPM,0.9017
2020-07-22,IGGEJegyZPM,0.6802
2020-07-23,IGGEJegyZPM,3.1060000000000003
2020-07-24,IGGEJegyZPM,0.8018
2020-07-25,IGGEJegyZPM,1.3764
2020-07-26,IGGEJegyZPM,0.515
2020-07-27,IGGEJegyZPM,0.8233
2020-07-28,IGGEJegyZPM,2.5635
2020-07-29,IGGEJegyZPM,0.5185
2020-07-30,IGGEJegyZPM,0.4983
2020-07-31,IGGEJegyZPM,0.98
2020-08-01,IGGEJegyZPM,1.807
2020-08-02,IGGEJegyZPM,1.8123
2020-08-03,IGGEJegyZPM,0.8759999999999999
2020-08-04,IGGEJegyZPM,1.4267
2020-08-05,IGGEJegyZPM,2.4626
2020-08-06,IGGEJegyZPM,2.8281
2020-08-07,IGGEJegyZPM,3.2847
2020-08-08,IGGEJegyZPM,1.2775
2020-08-09,IGGEJegyZPM,2.2192
2020-08-10,IGGEJegyZPM,2.0492
2020-08-11,IGGEJegyZPM,1.4687
2020-08-12,IGGEJegyZPM,1.6540000000000001
2020-08-13,IGGEJegyZPM,0.8428
2020-08-14,IGGEJegyZPM,1.3176
2020-08-15,IGGEJegyZPM,0.6904
2020-08-16,IGGEJegyZPM,0.9605
2020-08-17,IGGEJegyZPM,3.0126
2020-08-18,IGGEJegyZPM,1.9654
2020-08-19,IGGEJegyZPM,2.0069999999999997
2020-08-20,IGGEJegyZPM,1.0688
2020-08-21,IGGEJegyZPM,1.3905
2020-08-22,IGGEJegyZPM,3.4677
2020-08-23,IGGEJegyZPM,1.0275
2020-08-24,IGGEJegyZPM,1.6911
2020-08-25,IGGEJegyZPM,2.3094
2020-08-26,IGGEJegyZPM,1.8994
2020-08-27,IGGEJegyZPM,1.5775
2020-08-28,IGGEJegyZPM,1.9558
2020-08-29,IGGEJegyZPM,2.4215
2020-08-30,IGGEJegyZPM,3.0642
2020-08-31,IGGEJegyZPM,2.4429
2020-09-01,IGGEJegyZPM,2.5822
2020-09-02,IGGEJegyZPM,2.4884
2020-09-03,IGGEJegyZPM,0.7837
2020-09-04,IGGEJegyZPM,1.2021
2020-09-05,IGGEJegyZPM,3.0031
2020-09-06,IGGEJegyZPM,2.187
2020-09-07,IGGEJegyZPM,1.405
2020-09-08,IGGEJegyZPM,1.7535
2020-09-09,IGGEJegyZPM,1.8147
2020-09-10,IGGEJegyZPM,2.6771
2020-09-11,IGGEJegyZPM,1.2429999999999999
2020-09-12,IGGEJegyZPM,0.324
2020-09-13,IGGEJegyZPM,2.1592
2020-09-14,IGGEJegyZPM,2.9856
2020-09-15,IGGEJegyZPM,3.9068
2020-09-16,IGGEJegyZPM,2.88
2020-09-17,IGGEJegyZPM,3.8368
2020-09-18,IGGEJegyZPM,4.9221
2020-09-19,IGGEJegyZPM,3.0652
2020-09-20,IGGEJegyZPM,4.6511
2020-09-21,IGGEJegyZPM,4.6074
2020-09-22,IGGEJegyZPM,2.7305
2020-09-23,IGGEJegyZPM,4.2507
2020-09-24,IGGEJegyZPM,2.3636
2020-09-25,IGGEJegyZPM,2.2226
2020-09-26,IGGEJegyZPM,2.7611
2020-09-27,IGGEJegyZPM,2.2346
2020-09-28,IGGEJegyZPM,3.5272
2020-09-29,IGGEJegyZPM,3.5079
2020-09-30,IGGEJegyZPM,2.2119999999999997
2020-10-01,IGGEJegyZPM,2.1029
2020-10-02,IGGEJegyZPM,1.8934
2020-10-03,IGGEJegyZPM,1.4831
2020-10-04,IGGEJegyZPM,4.016
2020-10-05,IGGEJegyZPM,3.0915
2020-10-06,IGGEJegyZPM,2.072
2020-10-07,IGGEJegyZPM,2.2708
2020-10-08,IGGEJegyZPM,1.0597
2020-10-09,IGGEJegyZPM,1.8685
2020-10-10,IGGEJegyZPM,2.5475
2020-10-11,IGGEJegyZPM,1.8737
2020-10-12,IGGEJegyZPM,1.7606
2020-10-13,IGGEJegyZPM,2.1328
2020-10-14,IGGEJegyZPM,2.7252
2020-10-15,IGGEJegyZPM,2.3122
2020-10-16,IGGEJegyZPM,1.4267
2020-10-17,IGGEJegyZPM,1.5730000000000002
2020-10-18,IGGEJegyZPM,3.3691
2020-10-19,IGGEJegyZPM,3.1016
2020-10-20,IGGEJegyZPM,2.3844
2020-10-21,IGGEJegyZPM,0.8276
2020-10-22,IGGEJegyZPM,2.3303
2020-10-23,IGGEJegyZPM,2.9263
2020-10-24,IGGEJegyZPM,2.9207
2020-10-25,IGGEJegyZPM,2.2955
2020-10-26,IGGEJegyZPM,1.6826
2020-10-27,IGGEJegyZPM,3.2539999999999996
2020-10-28,IGGEJegyZPM,2.4158
2020-10-29,IGGEJegyZPM,1.8204
2020-10-30,IGGEJegyZPM,4.0311
2020-10-31,IGGEJegyZPM,2.1533
2020-11-01,IGGEJegyZPM,2.7845
2020-11-02,IGGEJegyZPM,2.5162
2020-11-03,IGGEJegyZPM,2.1203
2020-11-04,IGGEJegyZPM,2.0752
2020-11-05,IGGEJegyZPM,2.2825
2020-11-06,IGGEJegyZPM,2.2394
2020-11-07,IGGEJegyZPM,1.7227
2020-11-08,IGGEJegyZPM,3.6754
2020-11-09,IGGEJegyZPM,1.9371
2020-11-10,IGGEJegyZPM,1.4044
2020-11-11,IGGEJegyZPM,3.5765
2020-11-12,IGGEJegyZPM,3.1366
2020-11-13,IGGEJegyZPM,1.6687
2020-11-14,IGGEJegyZPM,5.0412
2020-11-15,IGGEJegyZPM,4.7362
2020-11-16,IGGEJegyZPM,4.5417
2020-11-17,IGGEJegyZPM,5.045
2020-11-18,IGGEJegyZPM,4.485
2020-11-19,IGGEJegyZPM,2.5242
2020-11-20,IGGEJegyZPM,5.1478
2020-11-21,IGGEJegyZPM,4.5073
2020-11-22,IGGEJegyZPM,3.8422
2020-11-23,IGGEJegyZPM,3.37
2020-11-24,IGGEJegyZPM,3.5677
2020-11-25,IGGEJegyZPM,4.7018
2020-11-26,IGGEJegyZPM,2.1096
2020-11-27,IGGEJegyZPM,1.5483
2020-11-28,IGGEJegyZPM,3.043
2020-11-29,IGGEJegyZPM,4.9732
2020-11-30,IGGEJegyZPM,4.0496
2020-12-01,IGGEJegyZPM,3.6239999999999997
2020-12-02,IGGEJegyZPM,3.4036
2020-12-03,IGGEJegyZPM,3.8734
2020-12-04,IGGEJegyZPM,3.778
2020-12-05,IGGEJegyZPM,4.3162
2020-12-06,IGGEJegyZPM,7.1444
2020-12-07,IGGEJegyZPM,4.5209
2020-12-08,IGGEJegyZPM,4.9291
2020-12-09,IGGEJegyZPM,2.9431
2020-12-10,IGGEJegyZPM,3.4747
2020-12-11,IGGEJegyZPM,5.006
2020-04-01,PIjLdOBUlqM,0.0
2020-04-02,PIjLdOBUlqM,0.0
2020-04-03,PIjLdOBUlqM,0.0
2020-04-04,PIjLdOBUlqM,0.0
2020-04-05,PIjLdOBUlqM,0.0
2020-04-06,PIjLdOBUlqM,0.0
2020-04-07,PIjLdOBUlqM,0.0
2020-04-08,PIjLdOBUlqM,0.0
2020-04-09,PIjLdOBUlqM,0.0
2020-04-10,PIjLdOBUlqM,0.0
2020-04-11,PIjLdOBUlqM,0.0
2020-04-12,PIjLdOBUlqM,0.0
2020-04-13,PIjLdOBUlqM,0.0
2020-04-14,PIjLdOBUlqM,0.0
2020-04-15,PIjLdOBUlqM,0.0
2020-04-16,PIjLdOBUlqM,0.0
2020-04-17,PIjLdOBUlqM,0.0
2020-04-18,PIjLdOBUlqM,0.0
2020-04-19,PIjLdOBUlqM,0.0
2020-04-20,PIjLdOBUlqM,0.0
2020-04-21,PIjLdOBUlqM,0.0
2020-04-22,PIjLdOBUlqM,0.0
2020-04-23,PIjLdOBUlqM,0.0
2020-04-24,PIjLdOBUlqM,0.0
2020-04-25,PIjLdOBUlqM,0.0
2020-04-26,PIjLdOBUlqM,0.0
2020-04-27,PIjLdOBUlqM,0.0
2020-04-28,PIjLdOBUlqM,0.0
2020-04-29,PIjLdOBUlqM,0.0
2020-04-30,PIjLdOBUlqM,0.0
2020-05-01,PIjLdOBUlqM,0.0
2020-05-02,PIjLdOBUlqM,0.0
2020-05-03,PIjLdOBUlqM,0.0
2020-05-04,PIjLdOBUlqM,0.0
2020-05-05,PIjLdOBUlqM,0.0
2020-05-06,PIjLdOBUlqM,0.0
2020-05-07,PIjLdOBUlqM,0.0
2020-05-08,PIjLdOBUlqM,0.0
2020-05-09,PIjLdOBUlqM,0.0
2020-05-10,PIjLdOBUlqM,0.0
2020-05-11,PIjLdOBUlqM,0.0
2020-05-12,PIjLdOBUlqM,0.0
2020-05-13,PIjLdOBUlqM,0.0
2020-05-14,PIjLdOBUlqM,0.0
2020-05-15,PIjLdOBUlqM,0.0
2020-05-16,PIjLdOBUlqM,0.0
2020-05-17,PIjLdOBUlqM,0.0
2020-05-18,PIjLdOBUlqM,0.0
2020-05-19,PIjLdOBUlqM,0.0
2020-05-20,PIjLdOBUlqM,0.0
2020-05-21,PIjLdOBUlqM,0.0
2020-05-22,PIjLdOBUlqM,0.0
2020-05-23,PIjLdOBUlqM,0.0
2020-05-24,PIjLdOBUlqM,0.0
2020-05-25,PIjLdOBUlqM,0.0
2020-05-26,PIjLdOBUlqM,0.0
2020-05-27,PIjLdOBUlqM,0.0
2020-05-28,PIjLdOBUlqM,0.0
2020-05-29,PIjLdOBUlqM,0.0
2020-05-30,PIjLdOBUlqM,0.0
2020-05-31,PIjLdOBUlqM,0.0
2020-06-01,PIjLdOBUlqM,0.0
2020-06-02,PIjLdOBUlqM,0.0
2020-06-03,PIjLdOBUlqM,0.0
2020-06-04,PIjLdOBUlqM,0.0
2020-06-05,PIjLdOBUlqM,0.0
2020-06-06,PIjLdOBUlqM,0.0
2020-06-07,PIjLdOBUlqM,0.0
2020-06-08,PIjLdOBUlqM,0.0
2020-06-09,PIjLdOBUlqM,0.0
2020-06-10,PIjLdOBUlqM,0.0
2020-06-11,PIjLdOBUlqM,0.0
2020-06-12,PIjLdOBUlqM,0.0
2020-06-13,PIjLdOBUlqM,0.0
2020-06-14,PIjLdOBUlqM,0.0
2020-06-15,PIjLdOBUlqM,0.0
2020-06-16,PIjLdOBUlqM,0.0
2020-06-17,PIjLdOBUlqM,0.0
2020-06-18,PIjLdOBUlqM,0.0
2020-06-19,PIjLdOBUlqM,0.0
2020-06-20,PIjLdOBUlqM,0.0
2020-06-21,PIjLdOBUlqM,0.0
2020-06-22,PIjLdOBUlqM,0.0
2020-06-23,PIjLdOBUlqM,0.0
2020-06-24,PIjLdOBUlqM,0.0
2020-06-25,PIjLdOBUlqM,0.0
2020-06-26,PIjLdOBUlqM,0.0
2020-06-27,PIjLdOBUlqM,0.0
2020-06-28,PIjLdOBUlqM,0.0
2020-06-29,PIjLdOBUlqM,0.0
2020-06-30,PIjLdOBUlqM,0.0
2020-07-01,PIjLdOBUlqM,0.0
2020-07-02,PIjLdOBUlqM,0.0
2020-07-03,PIjLdOBUlqM,0.0
2020-07-04,PIjLdOBUlqM,0.0
2020-07-05,PIjLdOBUlqM,0.0
2020-07-06,PIjLdOBUlqM,0.0
2020-07-07,PIjLdOBUlqM,0.0
2020-07-08,PIjLdOBUlqM,0.0
2020-07-09,PIjLdOBUlqM,0.0
2020-07-10,PIjLdOBUlqM,0.0
2020-07-11,PIjLdOBUlqM,0.0
2020-07-12,PIjLdOBUlqM,0.0
2020-07-13,PIjLdOBUlqM,0.0
2020-07-14,PIjLdOBUlqM,0.0
2020-07-15,PIjLdOBUlqM,0.0
2020-07-16,PIjLdOBUlqM,0.0
2020-07-17,PIjLdOBUlqM,0.0
2020-07-18,PIjLdOBUlqM,0.0
2020-07-19,PIjLdOBUlqM,0.0
2020-07-20,PIjLdOBUlqM,0.0
2020-07-21,PIjLdOBUlqM,0.0
2020-07-22,PIjLdOBUlqM,0.0
2020-07-23,PIjLdOBUlqM,0.0
2020-07-24,PIjLdOBUlqM,0.0
2020-07-25,PIjLdOBUlqM,0.0
2020-07-26,PIjLdOBUlqM,0.0
2020-07-27,PIjLdOBUlqM,0.0
2020-07-28,PIjLdOBUlqM,0.0
2020-07-29,PIjLdOBUlqM,0.0
2020-07-30,PIjLdOBUlqM,0.0
2020-07-31,PIjLdOBUlqM,0.0
2020-08-01,PIjLdOBUlqM,0.0
2020-08-02,PIjLdOBUlqM,0.0
2020-08-03,PIjLdOBUlqM,0.0
2020-08-04,PIjLdOBUlqM,0.0
2020-08-05,PIjLdOBUlqM,0.0
2020-08-06,PIjLdOBUlqM,0.0
2020-08-07,PIjLdOBUlqM,0.0
2020-08-08,PIjLdOBUlqM,0.0
2020-08-09,PIjLdOBUlqM,0.0
2020-08-10,PIjLdOBUlqM,0.0
2020-08-11,PIjLdOBUlqM,0.0
2020-08-12,PIjLdOBUlqM,0.0
2020-08-13,PIjLdOBUlqM,0.0
2020-08-14,PIjLdOBUlqM,0.0
2020-08-15,PIjLdOBUlqM,0.0
2020-08-16,PIjLdOBUlqM,0.0
2020-08-17,PIjLdOBUlqM,0.0
2020-08-18,PIjLdOBUlqM,0.0
2020-08-19,PIjLdOBUlqM,0.0
2020-08-20,PIjLdOBUlqM,0.0
2020-08-21,PIjLdOBUlqM,0.0
2020-08-22,PIjLdOBUlqM,0.0
2020-08-23,PIjLdOBUlqM,0.0
2020-08-24,PIjLdOBUlqM,0.0
2020-08-25,PIjLdOBUlqM,0.0
2020-08-26,PIjLdOBUlqM,0.0
2020-08-27,PIjLdOBUlqM,0.0
2020-08-28,PIjLdOBUlqM,0.0
2020-08-29,PIjLdOBUlqM,0.0
2020-08-30,PIjLdOBUlqM,0.0
2020-08-31,PIjLdOBUlqM,0.0
2020-09-01,PIjLdOBUlqM,0.0
2020-09-02,PIjLdOBUlqM,0.0
2020-09-03,PIjLdOBUlqM,0.0
2020-09-04,PIjLdOBUlqM,0.0
2020-09-05,PIjLdOBUlqM,0.0
2020-09-06,PIjLdOBUlqM,0.0
2020-09-07,PIjLdOBUlqM,0.0
2020-09-08,PIjLdOBUlqM,0.0
2020-09-09,PIjLdOBUlqM,0.0
2020-09-10,PIjLdOBUlqM,0.0
2020-09-11,PIjLdOBUlqM,0.0
2020-09-12,PIjLdOBUlqM,0.0
2020-09-13,PIjLdOBUlqM,0.0
2020-09-14,PIjLdOBUlqM,0.0
2020-09-15,PIjLdOBUlqM,0.0
2020-09-16,PIjLdOBUlqM,0.0
2020-09-17,PIjLdOBUlqM,0.0
2020-09-18,PIjLdOBUlqM,0.0
2020-09-19,PIjLdOBUlqM,0.0
2020-09-20,PIjLdOBUlqM,0.0
2020-09-21,PIjLdOBUlqM,0.0
2020-09-22,PIjLdOBUlqM,0.0
2020-09-23,PIjLdOBUlqM,0.0
2020-09-24,PIjLdOBUlqM,0.0
2020-09-25,PIjLdOBUlqM,0.0
2020-09-26,PIjLdOBUlqM,0.0
2020-09-27,PIjLdOBUlqM,0.0
2020-09-28,PIjLdOBUlqM,0.0
2020-09-29,PIjLdOBUlqM,0.0
2020-09-30,PIjLdOBUlqM,0.0
2020-10-01,PIjLdOBUlqM,0.0
2020-10-02,PIjLdOBUlqM,0.0
2020-10-03,PIjLdOBUlqM,0.0
2020-10-04,PIjLdOBUlqM,164.2032
2020-10-05,PIjLdOBUlqM,49.605
2020-10-06,PIjLdOBUlqM,27.855
2020-10-07,PIjLdOBUlqM,16.1219
2020-10-08,PIjLdOBUlqM,11.5913
2020-10-09,PIjLdOBUlqM,7.7578
2020-10-10,PIjLdOBUlqM,7.4835
2020-10-11,PIjLdOBUlqM,5.5146
2020-10-12,PIjLdOBUlqM,5.403
2020-10-13,PIjLdOBUlqM,7.6148
2020-10-14,PIjLdOBUlqM,5.2013
2020-10-15,PIjLdOBUlqM,7.6148
2020-10-16,PIjLdOBUlqM,5.3337
2020-10-17,PIjLdOBUlqM,3.6918
2020-10-18,PIjLdOBUlqM,2.872
2020-10-19,PIjLdOBUlqM,3.5789999999999997
2020-10-20,PIjLdOBUlqM,1.9443
2020-10-21,PIjLdOBUlqM,2.9175
2020-10-22,PIjLdOBUlqM,4.593999999999999
2020-10-23,PIjLdOBUlqM,4.1501
2020-10-24,PIjLdOBUlqM,5.1789
2020-10-25,PIjLdOBUlqM,3.1987
2020-10-26,PIjLdOBUlqM,1.8149
2020-10-27,PIjLdOBUlqM,2.6503
2020-10-28,PIjLdOBUlqM,2.7023
2020-10-29,PIjLdOBUlqM,1.8601
2020-10-30,PIjLdOBUlqM,1.4984
2020-10-31,PIjLdOBUlqM,0.836
2020-11-01,PIjLdOBUlqM,0.9681
2020-11-02,PIjLdOBUlqM,1.5598
2020-11-03,PIjLdOBUlqM,2.3136
2020-11-04,PIjLdOBUlqM,0.546
2020-11-05,PIjLdOBUlqM,1.0387
2020-11-06,PIjLdOBUlqM,1.3741
2020-11-07,PIjLdOBUlqM,3.1315
2020-11-08,PIjLdOBUlqM,1.9193
2020-11-09,PIjLdOBUlqM,1.8448
2020-11-10,PIjLdOBUlqM,2.1296
2020-11-11,PIjLdOBUlqM,1.5563
2020-11-12,PIjLdOBUlqM,1.8463
2020-11-13,PIjLdOBUlqM,1.9701
2020-11-14,PIjLdOBUlqM,1.5954
2020-11-15,PIjLdOBUlqM,1.6202
2020-11-16,PIjLdOBUlqM,1.5183
2020-11-17,PIjLdOBUlqM,1.9224
2020-11-18,PIjLdOBUlqM,1.2568
2020-11-19,PIjLdOBUlqM,0.6735
2020-11-20,PIjLdOBUlqM,1.8432
2020-11-21,PIjLdOBUlqM,1.0244
2020-11-22,PIjLdOBUlqM,0.6539
2020-11-23,PIjLdOBUlqM,0.6578
2020-11-24,PIjLdOBUlqM,1.3789
2020-11-25,PIjLdOBUlqM,0.8709
2020-11-26,PIjLdOBUlqM,0.3033
2020-11-27,PIjLdOBUlqM,0.5366
2020-11-28,PIjLdOBUlqM,0.4457
2020-11-29,PIjLdOBUlqM,0.0216
2020-11-30,PIjLdOBUlqM,0.2145
2020-12-01,PIjLdOBUlqM,0.5672
2020-12-02,PIjLdOBUlqM,1.151
2020-12-03,PIjLdOBUlqM,0.1516
2020-12-04,PIjLdOBUlqM,0.2665
2020-12-05,PIjLdOBUlqM,0.4064
2020-12-06,PIjLdOBUlqM,0.3515
2020-12-07,PIjLdOBUlqM,0.008
2020-12-08,PIjLdOBUlqM,0.4235
2020-12-09,PIjLdOBUlqM,0.1799
2020-12-10,PIjLdOBUlqM,0.6777
2020-12-11,PIjLdOBUlqM,0.5444
2020-04-01,QlNjvQB7kYE,0.0
2020-04-02,QlNjvQB7kYE,0.0
2020-04-03,QlNjvQB7kYE,0.0
2020-04-04,QlNjvQB7kYE,0.0
2020-04-05,QlNjvQB7kYE,0.0
2020-04-06,QlNjvQB7kYE,0.0
2020-04-07,QlNjvQB7kYE,0.0
2020-04-08,QlNjvQB7kYE,0.0
2020-04-09,QlNjvQB7kYE,0.0
2020-04-10,QlNjvQB7kYE,0.0
2020-04-11,QlNjvQB7kYE,0.0
2020-04-12,QlNjvQB7kYE,0.0
2020-04-13,QlNjvQB7kYE,0.0
2020-04-14,QlNjvQB7kYE,0.0
2020-04-15,QlNjvQB7kYE,0.0
2020-04-16,QlNjvQB7kYE,0.0
2020-04-17,QlNjvQB7kYE,0.0
2020-04-18,QlNjvQB7kYE,0.0
2020-04-19,QlNjvQB7kYE,0.0
2020-04-20,QlNjvQB7kYE,0.0
2020-04-21,QlNjvQB7kYE,0.0
2020-04-22,QlNjvQB7kYE,0.0
2020-04-23,QlNjvQB7kYE,0.0
2020-04-24,QlNjvQB7kYE,0.0
2020-04-25,QlNjvQB7kYE,0.0
2020-04-26,QlNjvQB7kYE,0.0
2020-04-27,QlNjvQB7kYE,0.0
2020-04-28,QlNjvQB7kYE,0.0
2020-04-29,QlNjvQB7kYE,0.0
2020-04-30,QlNjvQB7kYE,0.0
2020-05-01,QlNjvQB7kYE,0.0
2020-05-02,QlNjvQB7kYE,0.0
2020-05-03,QlNjvQB7kYE,0.0
2020-05-04,QlNjvQB7kYE,0.0
2020-05-05,QlNjvQB7kYE,0.0
2020-05-06,QlNjvQB7kYE,0.0
2020-05-07,QlNjvQB7kYE,0.0
2020-05-08,QlNjvQB7kYE,0.0
2020-05-09,QlNjvQB7kYE,0.0
2020-05-10,QlNjvQB7kYE,0.0
2020-05-11,QlNjvQB7kYE,0.0
2020-05-12,QlNjvQB7kYE,0.0
2020-05-13,QlNjvQB7kYE,0.0
2020-05-14,QlNjvQB7kYE,0.0
2020-05-15,QlNjvQB7kYE,0.0
2020-05-16,QlNjvQB7kYE,0.0
2020-05-17,QlNjvQB7kYE,0.0
2020-05-18,QlNjvQB7kYE,0.0
2020-05-19,QlNjvQB7kYE,0.0
2020-05-20,QlNjvQB7kYE,0.0
2020-05-21,QlNjvQB7kYE,0.0
2020-05-22,QlNjvQB7kYE,0.0
2020-05-23,QlNjvQB7kYE,0.0
2020-05-24,QlNjvQB7kYE,0.0
2020-05-25,QlNjvQB7kYE,0.0
2020-05-26,QlNjvQB7kYE,0.0
2020-05-27,QlNjvQB7kYE,0.0
2020-05-28,QlNjvQB7kYE,0.0
2020-05-29,QlNjvQB7kYE,0.0
2020-05-30,QlNjvQB7kYE,0.0
2020-05-31,QlNjvQB7kYE,17.6692
2020-06-01,QlNjvQB7kYE,8.9319
2020-06-02,QlNjvQB7kYE,12.885
2020-06-03,QlNjvQB7kYE,11.5751
2020-06-04,QlNjvQB7kYE,7.0911
2020-06-05,QlNjvQB7kYE,4.0442
2020-06-06,QlNjvQB7kYE,7.0572
2020-06-07,QlNjvQB7kYE,10.4735
2020-06-08,QlNjvQB7kYE,8.3401
2020-06-09,QlNjvQB7kYE,5.6101
2020-06-10,QlNjvQB7kYE,8.329
2020-06-11,QlNjvQB7kYE,6.3719
2020-06-12,QlNjvQB7kYE,4.6509
2020-06-13,QlNjvQB7kYE,15.2241
2020-06-14,QlNjvQB7kYE,6.1677
2020-06-15,QlNjvQB7kYE,3.1041
2020-06-16,QlNjvQB7kYE,3.6210000000000004
2020-06-17,QlNjvQB7kYE,2.8073
2020-06-18,QlNjvQB7kYE,2.7489999999999997
2020-06-19,QlNjvQB7kYE,1.6776
2020-06-20,QlNjvQB7kYE,1.224
2020-06-21,QlNjvQB7kYE,2.3265
2020-06-22,QlNjvQB7kYE,0.7593
2020-06-23,QlNjvQB7kYE,2.0874
2020-06-24,QlNjvQB7kYE,2.2191
2020-06-25,QlNjvQB7kYE,1.8515
2020-06-26,QlNjvQB7kYE,1.5125
2020-06-27,QlNjvQB7kYE,1.8954
2020-06-28,QlNjvQB7kYE,2.2129
2020-06-29,QlNjvQB7kYE,3.1731
2020-06-30,QlNjvQB7kYE,1.1816
2020-07-01,QlNjvQB7kYE,1.6948
2020-07-02,QlNjvQB7kYE,1.4587
2020-07-03,QlNjvQB7kYE,0.2413
2020-07-04,QlNjvQB7kYE,2.06
2020-07-05,QlNjvQB7kYE,2.1773
2020-07-06,QlNjvQB7kYE,1.0954
2020-07-07,QlNjvQB7kYE,2.0161
2020-07-08,QlNjvQB7kYE,1.7512
2020-07-09,QlNjvQB7kYE,1.0335
2020-07-10,QlNjvQB7kYE,1.0812
2020-07-11,QlNjvQB7kYE,0.6534
2020-07-12,QlNjvQB7kYE,1.7167
2020-07-13,QlNjvQB7kYE,0.9612
2020-07-14,QlNjvQB7kYE,1.8962
2020-07-15,QlNjvQB7kYE,1.5530000000000002
2020-07-16,QlNjvQB7kYE,0.7385
2020-07-17,QlNjvQB7kYE,0.9417
2020-07-18,QlNjvQB7kYE,1.3559
2020-07-19,QlNjvQB7kYE,1.2478
2020-07-20,QlNjvQB7kYE,1.4951
2020-07-21,QlNjvQB7kYE,1.7473
2020-07-22,QlNjvQB7kYE,2.1269
2020-07-23,QlNjvQB7kYE,1.5843
2020-07-24,QlNjvQB7kYE,0.9502
2020-07-25,QlNjvQB7kYE,0.7923
2020-07-26,QlNjvQB7kYE,1.1188
2020-07-27,QlNjvQB7kYE,0.9963
2020-07-28,QlNjvQB7kYE,1.0252
2020-07-29,QlNjvQB7kYE,0.7513
2020-07-30,QlNjvQB7kYE,1.4227
2020-07-31,QlNjvQB7kYE,0.8077
2020-08-01,QlNjvQB7kYE,0.753
2020-08-02,QlNjvQB7kYE,0.7402
2020-08-03,QlNjvQB7kYE,1.3537
2020-08-04,QlNjvQB7kYE,0.7829
2020-08-05,QlNjvQB7kYE,1.9409
2020-08-06,QlNjvQB7kYE,0.7355
2020-08-07,QlNjvQB7kYE,0.8420000000000001
2020-08-08,QlNjvQB7kYE,0.2314
2020-08-09,QlNjvQB7kYE,0.7281
2020-08-10,QlNjvQB7kYE,0.6312
2020-08-11,QlNjvQB7kYE,0.6448
2020-08-12,QlNjvQB7kYE,0.6575
2020-08-13,QlNjvQB7kYE,0.4204
2020-08-14,QlNjvQB7kYE,0.4805
2020-08-15,QlNjvQB7kYE,0.4176
2020-08-16,QlNjvQB7kYE,0.6409999999999999
2020-08-17,QlNjvQB7kYE,0.6132
2020-08-18,QlNjvQB7kYE,0.9686
2020-08-19,QlNjvQB7kYE,0.221
2020-08-20,QlNjvQB7kYE,1.008
2020-08-21,QlNjvQB7kYE,1.1228
2020-08-22,QlNjvQB7kYE,0.3252
2020-08-23,QlNjvQB7kYE,0.0379
2020-08-24,QlNjvQB7kYE,0.22899999999999998
2020-08-25,QlNjvQB7kYE,1.4238
2020-08-26,QlNjvQB7kYE,0.6164
2020-08-27,QlNjvQB7kYE,0.3821
2020-08-28,QlNjvQB7kYE,0.4589
2020-08-29,QlNjvQB7kYE,0.5670000000000001
2020-08-30,QlNjvQB7kYE,1.4380000000000002
2020-08-31,QlNjvQB7kYE,0.1764
2020-09-01,QlNjvQB7kYE,0.7316
2020-09-02,QlNjvQB7kYE,0.5459
2020-09-03,QlNjvQB7kYE,0.3269
2020-09-04,QlNjvQB7kYE,0.2716
2020-09-05,QlNjvQB7kYE,0.0335
2020-09-06,QlNjvQB7kYE,0.009000000000000001
2020-09-07,QlNjvQB7kYE,0.0
2020-09-08,QlNjvQB7kYE,0.5491
2020-09-09,QlNjvQB7kYE,0.3185
2020-09-10,QlNjvQB7kYE,0.1817
2020-09-11,QlNjvQB7kYE,0.1983
2020-09-12,QlNjvQB7kYE,0.3396
2020-09-13,QlNjvQB7kYE,0.2991
2020-09-14,QlNjvQB7kYE,0.4538
2020-09-15,QlNjvQB7kYE,0.6982
2020-09-16,QlNjvQB7kYE,0.4521
2020-09-17,QlNjvQB7kYE,1.0168
2020-09-18,QlNjvQB7kYE,1.7653
2020-09-19,QlNjvQB7kYE,2.3469
2020-09-20,QlNjvQB7kYE,0.6882
2020-09-21,QlNjvQB7kYE,1.6266
2020-09-22,QlNjvQB7kYE,0.3861
2020-09-23,QlNjvQB7kYE,0.1686
2020-09-24,QlNjvQB7kYE,1.4095
2020-09-25,QlNjvQB7kYE,0.0244
2020-09-26,QlNjvQB7kYE,1.0091
2020-09-27,QlNjvQB7kYE,0.015
2020-09-28,QlNjvQB7kYE,1.2137
2020-09-29,QlNjvQB7kYE,0.0804
2020-09-30,QlNjvQB7kYE,0.973
2020-10-01,QlNjvQB7kYE,0.0
2020-10-02,QlNjvQB7kYE,0.7972
2020-10-03,QlNjvQB7kYE,0.5327
2020-10-04,QlNjvQB7kYE,0.1868
2020-10-05,QlNjvQB7kYE,0.068
2020-10-06,QlNjvQB7kYE,0.6394
2020-10-07,QlNjvQB7kYE,0.3181
2020-10-08,QlNjvQB7kYE,0.6318
2020-10-09,QlNjvQB7kYE,0.6644
2020-10-10,QlNjvQB7kYE,0.5908
2020-10-11,QlNjvQB7kYE,0.3321
2020-10-12,QlNjvQB7kYE,0.2959
2020-10-13,QlNjvQB7kYE,0.7372
2020-10-14,QlNjvQB7kYE,0.3826
2020-10-15,QlNjvQB7kYE,0.0556
2020-10-16,QlNjvQB7kYE,0.0898
2020-10-17,QlNjvQB7kYE,0.6314
2020-10-18,QlNjvQB7kYE,0.002
2020-10-19,QlNjvQB7kYE,0.4023
2020-10-20,QlNjvQB7kYE,0.2911
2020-10-21,QlNjvQB7kYE,1.1495
2020-10-22,QlNjvQB7kYE,0.473
2020-10-23,QlNjvQB7kYE,0.1695
2020-10-24,QlNjvQB7kYE,0.5393
2020-10-25,QlNjvQB7kYE,0.1076
2020-10-26,QlNjvQB7kYE,0.3814
2020-10-27,QlNjvQB7kYE,0.3392
2020-10-28,QlNjvQB7kYE,0.0327
2020-10-29,QlNjvQB7kYE,0.2821
2020-10-30,QlNjvQB7kYE,0.3116
2020-10-31,QlNjvQB7kYE,0.0512
2020-11-01,QlNjvQB7kYE,0.272
2020-11-02,QlNjvQB7kYE,0.011000000000000001
2020-11-03,QlNjvQB7kYE,0.1176
2020-11-04,QlNjvQB7kYE,0.001
2020-11-05,QlNjvQB7kYE,0.0376
2020-11-06,QlNjvQB7kYE,0.2111
2020-11-07,QlNjvQB7kYE,0.4388
2020-11-08,QlNjvQB7kYE,0.2117
2020-11-09,QlNjvQB7kYE,0.0046
2020-11-10,QlNjvQB7kYE,0.3191
2020-11-11,QlNjvQB7kYE,0.004
2020-11-12,QlNjvQB7kYE,0.3485
2020-11-13,QlNjvQB7kYE,0.1393
2020-11-14,QlNjvQB7kYE,0.0032
2020-11-15,QlNjvQB7kYE,0.6159
2020-11-16,QlNjvQB7kYE,0.0
2020-11-17,QlNjvQB7kYE,0.0398
2020-11-18,QlNjvQB7kYE,0.235
2020-11-19,QlNjvQB7kYE,0.0
2020-11-20,QlNjvQB7kYE,0.1591
2020-11-21,QlNjvQB7kYE,0.2762
2020-11-22,QlNjvQB7kYE,0.0905
2020-11-23,QlNjvQB7kYE,0.0
2020-11-24,QlNjvQB7kYE,0.4018
2020-11-25,QlNjvQB7kYE,0.2177
2020-11-26,QlNjvQB7kYE,0.2581
2020-11-27,QlNjvQB7kYE,0.0
2020-11-28,QlNjvQB7kYE,0.2245
2020-11-29,QlNjvQB7kYE,0.0
2020-11-30,QlNjvQB7kYE,0.0256
2020-12-01,QlNjvQB7kYE,0.0953
2020-12-02,QlNjvQB7kYE,0.0
2020-12-03,QlNjvQB7kYE,0.0357
2020-12-04,QlNjvQB7kYE,0.2093
2020-12-05,QlNjvQB7kYE,0.0878
2020-12-06,QlNjvQB7kYE,0.1067
2020-12-07,QlNjvQB7kYE,0.3771
2020-12-08,QlNjvQB7kYE,0.0029
2020-12-09,QlNjvQB7kYE,0.0003
2020-12-10,QlNjvQB7kYE,0.0008
2020-12-11,QlNjvQB7kYE,0.0
2020-04-01,TRIsIP98rgU,0.0
2020-04-02,TRIsIP98rgU,0.0
2020-04-03,TRIsIP98rgU,0.0
2020-04-04,TRIsIP98rgU,0.0
2020-04-05,TRIsIP98rgU,0.0
2020-04-06,TRIsIP98rgU,0.0
2020-04-07,TRIsIP98rgU,0.0
2020-04-08,TRIsIP98rgU,0.0
2020-04-09,TRIsIP98rgU,0.0
2020-04-10,TRIsIP98rgU,0.0
2020-04-11,TRIsIP98rgU,0.0
2020-04-12,TRIsIP98rgU,0.0
2020-04-13,TRIsIP98rgU,0.0
2020-04-14,TRIsIP98rgU,0.0
2020-04-15,TRIsIP98rgU,0.0
2020-04-16,TRIsIP98rgU,0.0
2020-04-17,TRIsIP98rgU,0.0
2020-04-18,TRIsIP98rgU,0.0
2020-04-19,TRIsIP98rgU,0.0
2020-04-20,TRIsIP98rgU,0.0
2020-04-21,TRIsIP98rgU,0.0
2020-04-22,TRIsIP98rgU,0.0
2020-04-23,TRIsIP98rgU,0.0
2020-04-24,TRIsIP98rgU,0.0
2020-04-25,TRIsIP98rgU,0.0
2020-04-26,TRIsIP98rgU,0.0
2020-04-27,TRIsIP98rgU,0.0
2020-04-28,TRIsIP98rgU,0.0
2020-04-29,TRIsIP98rgU,0.0
2020-04-30,TRIsIP98rgU,0.0
2020-05-01,TRIsIP98rgU,0.0
2020-05-02,TRIsIP98rgU,0.0
2020-05-03,TRIsIP98rgU,0.0
2020-05-04,TRIsIP98rgU,0.0
2020-05-05,TRIsIP98rgU,0.0
2020-05-06,TRIsIP98rgU,0.0
2020-05-07,TRIsIP98rgU,0.0
2020-05-08,TRIsIP98rgU,0.0
2020-05-09,TRIsIP98rgU,0.0
2020-05-10,TRIsIP98rgU,0.0
2020-05-11,TRIsIP98rgU,0.0
2020-05-12,TRIsIP98rgU,0.0
2020-05-13,TRIsIP98rgU,0.0
2020-05-14,TRIsIP98rgU,0.0
2020-05-15,TRIsIP98rgU,0.0
2020-05-16,TRIsIP98rgU,0.0
2020-05-17,TRIsIP98rgU,0.0
2020-05-18,TRIsIP98rgU,0.0
2020-05-19,TRIsIP98rgU,0.0
2020-05-20,TRIsIP98rgU,0.0
2020-05-21,TRIsIP98rgU,0.0
2020-05-22,TRIsIP98rgU,0.0
2020-05-23,TRIsIP98rgU,0.0
2020-05-24,TRIsIP98rgU,0.0
2020-05-25,TRIsIP98rgU,0.0
2020-05-26,TRIsIP98rgU,0.0
2020-05-27,TRIsIP98rgU,0.0
2020-05-28,TRIsIP98rgU,0.0
2020-05-29,TRIsIP98rgU,0.0
2020-05-30,TRIsIP98rgU,0.0
2020-05-31,TRIsIP98rgU,0.0
2020-06-01,TRIsIP98rgU,0.0
2020-06-02,TRIsIP98rgU,0.0
2020-06-03,TRIsIP98rgU,0.0
2020-06-04,TRIsIP98rgU,0.0
2020-06-05,TRIsIP98rgU,0.0
2020-06-06,TRIsIP98rgU,0.0
2020-06-07,TRIsIP98rgU,0.0
2020-06-08,TRIsIP98rgU,0.0
2020-06-09,TRIsIP98rgU,0.0
2020-06-10,TRIsIP98rgU,0.0
2020-06-11,TRIsIP98rgU,0.0
2020-06-12,TRIsIP98rgU,0.0
2020-06-13,TRIsIP98rgU,0.0
2020-06-14,TRIsIP98rgU,0.0
2020-06-15,TRIsIP98rgU,0.0
2020-06-16,TRIsIP98rgU,0.0
2020-06-17,TRIsIP98rgU,0.0
2020-06-18,TRIsIP98rgU,0.0
2020-06-19,TRIsIP98rgU,0.0
2020-06-20,TRIsIP98rgU,0.0
2020-06-21,TRIsIP98rgU,0.0
2020-06-22,TRIsIP98rgU,0.0
2020-06-23,TRIsIP98rgU,0.0
2020-06-24,TRIsIP98rgU,0.0
2020-06-25,TRIsIP98rgU,0.0
2020-06-26,TRIsIP98rgU,0.0
2020-06-27,TRIsIP98rgU,0.0
2020-06-28,TRIsIP98rgU,0.0
2020-06-29,TRIsIP98rgU,0.0
2020-06-30,TRIsIP98rgU,0.0
2020-07-01,TRIsIP98rgU,0.0
2020-07-02,TRIsIP98rgU,0.0
2020-07-03,TRIsIP98rgU,0.0
2020-07-04,TRIsIP98rgU,0.0
2020-07-05,TRIsIP98rgU,0.0
2020-07-06,TRIsIP98rgU,0.0
2020-07-07,TRIsIP98rgU,0.0
2020-07-08,TRIsIP98rgU,0.0
2020-07-09,TRIsIP98rgU,0.0
2020-07-10,TRIsIP98rgU,0.0
2020-07-11,TRIsIP98rgU,0.0
2020-07-12,TRIsIP98rgU,0.0
2020-07-13,TRIsIP98rgU,0.0
2020-07-14,TRIsIP98rgU,0.0
2020-07-15,TRIsIP98rgU,0.0
2020-07-16,TRIsIP98rgU,0.0
2020-07-17,TRIsIP98rgU,0.0
2020-07-18,TRIsIP98rgU,0.0
2020-07-19,TRIsIP98rgU,0.0
2020-07-20,TRIsIP98rgU,0.0
2020-07-21,TRIsIP98rgU,0.0
2020-07-22,TRIsIP98rgU,0.0
2020-07-23,TRIsIP98rgU,0.0
2020-07-24,TRIsIP98rgU,0.0
2020-07-25,TRIsIP98rgU,0.0
2020-07-26,TRIsIP98rgU,0.0
2020-07-27,TRIsIP98rgU,0.0
2020-07-28,TRIsIP98rgU,0.0
2020-07-29,TRIsIP98rgU,0.0
2020-07-30,TRIsIP98rgU,0.0
2020-07-31,TRIsIP98rgU,0.0
2020-08-01,TRIsIP98rgU,0.0
2020-08-02,TRIsIP98rgU,0.0
2020-08-03,TRIsIP98rgU,0.0
2020-08-04,TRIsIP98rgU,0.0
2020-08-05,TRIsIP98rgU,0.0
2020-08-06,TRIsIP98rgU,0.0
2020-08-07,TRIsIP98rgU,0.0
2020-08-08,TRIsIP98rgU,0.0
2020-08-09,TRIsIP98rgU,0.0
2020-08-10,TRIsIP98rgU,0.0
2020-08-11,TRIsIP98rgU,0.0
2020-08-12,TRIsIP98rgU,0.0
2020-08-13,TRIsIP98rgU,0.0
2020-08-14,TRIsIP98rgU,0.0
2020-08-15,TRIsIP98rgU,0.0
2020-08-16,TRIsIP98rgU,0.0
2020-08-17,TRIsIP98rgU,0.0
2020-08-18,TRIsIP98rgU,0.0
2020-08-19,TRIsIP98rgU,0.0
2020-08-20,TRIsIP98rgU,0.0
2020-08-21,TRIsIP98rgU,0.0
2020-08-22,TRIsIP98rgU,0.0
2020-08-23,TRIsIP98rgU,0.0
2020-08-24,TRIsIP98rgU,0.0
2020-08-25,TRIsIP98rgU,0.0
2020-08-26,TRIsIP98rgU,0.0
2020-08-27,TRIsIP98rgU,0.0
2020-08-28,TRIsIP98rgU,0.0
2020-08-29,TRIsIP98rgU,0.0
2020-08-30,TRIsIP98rgU,0.0
2020-08-31,TRIsIP98rgU,0.0
2020-09-01,TRIsIP98rgU,0.0
2020-09-02,TRIsIP98rgU,0.0
2020-09-03,TRIsIP98rgU,0.0
2020-09-04,TRIsIP98rgU,0.0
2020-09-05,TRIsIP98rgU,0.0
2020-09-06,TRIsIP98rgU,0.0
2020-09-07,TRIsIP98rgU,0.0
2020-09-08,TRIsIP98rgU,0.0
2020-09-09,TRIsIP98rgU,0.0
2020-09-10,TRIsIP98rgU,0.0
2020-09-11,TRIsIP98rgU,0.0
2020-09-12,TRIsIP98rgU,0.0
2020-09-13,TRIsIP98rgU,0.0
2020-09-14,TRIsIP98rgU,0.0
2020-09-15,TRIsIP98rgU,0.0
2020-09-16,TRIsIP98rgU,0.0
2020-09-17,TRIsIP98rgU,0.0
2020-09-18,TRIsIP98rgU,0.0
2020-09-19,TRIsIP98rgU,0.0
2020-09-20,TRIsIP98rgU,0.0
2020-09-21,TRIsIP98rgU,0.0
2020-09-22,TRIsIP98rgU,0.0
2020-09-23,TRIsIP98rgU,0.0
2020-09-24,TRIsIP98rgU,0.0
2020-09-25,TRIsIP98rgU,0.0
2020-09-26,TRIsIP98rgU,0.0
2020-09-27,TRIsIP98rgU,0.0
2020-09-28,TRIsIP98rgU,0.0
2020-09-29,TRIsIP98rgU,0.0
2020-09-30,TRIsIP98rgU,0.0
2020-10-01,TRIsIP98rgU,0.0
2020-10-02,TRIsIP98rgU,0.0
2020-10-03,TRIsIP98rgU,0.0
2020-10-04,TRIsIP98rgU,0.0
2020-10-05,TRIsIP98rgU,0.0
2020-10-06,TRIsIP98rgU,0.0
2020-10-07,TRIsIP98rgU,0.0
2020-10-08,TRIsIP98rgU,0.0
2020-10-09,TRIsIP98rgU,0.0
2020-10-10,TRIsIP98rgU,0.0
2020-10-11,TRIsIP98rgU,0.0
2020-10-12,TRIsIP98rgU,0.0
2020-10-13,TRIsIP98rgU,0.0
2020-10-14,TRIsIP98rgU,0.0
2020-10-15,TRIsIP98rgU,0.0
2020-10-16,TRIsIP98rgU,0.0
2020-10-17,TRIsIP98rgU,0.0
2020-10-18,TRIsIP98rgU,0.0
2020-10-19,TRIsIP98rgU,0.0
2020-10-20,TRIsIP98rgU,0.0
2020-10-21,TRIsIP98rgU,120.9519
2020-10-22,TRIsIP98rgU,51.3497
2020-10-23,TRIsIP98rgU,16.9213
2020-10-24,TRIsIP98rgU,19.7175
2020-10-25,TRIsIP98rgU,9.1111
2020-10-26,TRIsIP98rgU,3.1745
2020-10-27,TRIsIP98rgU,3.3291
2020-10-28,TRIsIP98rgU,4.9406
2020-10-29,TRIsIP98rgU,4.4101
2020-10-30,TRIsIP98rgU,2.6281
2020-10-31,TRIsIP98rgU,1.4395
2020-11-01,TRIsIP98rgU,1.3617
2020-11-02,TRIsIP98rgU,0.9991
2020-11-03,TRIsIP98rgU,1.9709
2020-11-04,TRIsIP98rgU,1.8663
2020-11-05,TRIsIP98rgU,1.5609
2020-11-06,TRIsIP98rgU,1.9194
2020-11-07,TRIsIP98rgU,2.0337
2020-11-08,TRIsIP98rgU,3.0525
2020-11-09,TRIsIP98rgU,1.0748
2020-11-10,TRIsIP98rgU,2.3752
2020-11-11,TRIsIP98rgU,1.2614
2020-11-12,TRIsIP98rgU,3.0442
2020-11-13,TRIsIP98rgU,2.6463
2020-11-14,TRIsIP98rgU,2.963
2020-11-15,TRIsIP98rgU,1.3378
2020-11-16,TRIsIP98rgU,2.83
2020-11-17,TRIsIP98rgU,1.2796
2020-11-18,TRIsIP98rgU,0.9913
2020-11-19,TRIsIP98rgU,0.519
2020-11-20,TRIsIP98rgU,1.2849
2020-11-21,TRIsIP98rgU,1.2211
2020-11-22,TRIsIP98rgU,0.9217
2020-11-23,TRIsIP98rgU,0.8585
2020-11-24,TRIsIP98rgU,1.2969
2020-11-25,TRIsIP98rgU,0.6648
2020-11-26,TRIsIP98rgU,0.7659
2020-11-27,TRIsIP98rgU,0.0352
2020-11-28,TRIsIP98rgU,0.8797
2020-11-29,TRIsIP98rgU,2.4985
2020-11-30,TRIsIP98rgU,0.6492
2020-12-01,TRIsIP98rgU,1.7532
2020-12-02,TRIsIP98rgU,1.2383
2020-12-03,TRIsIP98rgU,0.7045
2020-12-04,TRIsIP98rgU,0.6483
2020-12-05,TRIsIP98rgU,1.2063
2020-12-06,TRIsIP98rgU,1.1432
2020-12-07,TRIsIP98rgU,0.1989
2020-12-08,TRIsIP98rgU,1.3565
2020-12-09,TRIsIP98rgU,2.1555
2020-12-10,TRIsIP98rgU,1.3488
2020-12-11,TRIsIP98rgU,0.017
2020-04-01,fl9oO2539Mw,0.0
2020-04-02,fl9oO2539Mw,0.0
2020-04-03,fl9oO2539Mw,0.0
2020-04-04,fl9oO2539Mw,0.0
2020-04-05,fl9oO2539Mw,0.0
2020-04-06,fl9oO2539Mw,0.0
2020-04-07,fl9oO2539Mw,0.0
2020-04-08,fl9oO2539Mw,0.0
2020-04-09,fl9oO2539Mw,0.0
2020-04-10,fl9oO2539Mw,0.0
2020-04-11,fl9oO2539Mw,0.0
2020-04-12,fl9oO2539Mw,0.0
2020-04-13,fl9oO2539Mw,0.0
2020-04-14,fl9oO2539Mw,0.0
2020-04-15,fl9oO2539Mw,0.0
2020-04-16,fl9oO2539Mw,0.0
2020-04-17,fl9oO2539Mw,0.0
2020-04-18,fl9oO2539Mw,0.0
2020-04-19,fl9oO2539Mw,0.0
2020-04-20,fl9oO2539Mw,3.5171
2020-04-21,fl9oO2539Mw,1.1017
2020-04-22,fl9oO2539Mw,0.3722
2020-04-23,fl9oO2539Mw,0.636
2020-04-24,fl9oO2539Mw,0.8987
2020-04-25,fl9oO2539Mw,0.8662
2020-04-26,fl9oO2539Mw,1.1352
2020-04-27,fl9oO2539Mw,0.682
2020-04-28,fl9oO2539Mw,0.3234
2020-04-29,fl9oO2539Mw,0.0
2020-04-30,fl9oO2539Mw,0.8858
2020-05-01,fl9oO2539Mw,0.9226
2020-05-02,fl9oO2539Mw,1.8767
2020-05-03,fl9oO2539Mw,1.1105
2020-05-04,fl9oO2539Mw,1.766
2020-05-05,fl9oO2539Mw,0.5074
2020-05-06,fl9oO2539Mw,0.7372
2020-05-07,fl9oO2539Mw,0.6754
2020-05-08,fl9oO2539Mw,1.5918
2020-05-09,fl9oO2539Mw,0.9885
2020-05-10,fl9oO2539Mw,0.6007
2020-05-11,fl9oO2539Mw,1.6496
2020-05-12,fl9oO2539Mw,0.5747
2020-05-13,fl9oO2539Mw,0.7675
2020-05-14,fl9oO2539Mw,0.8089
2020-05-15,fl9oO2539Mw,0.8942
2020-05-16,fl9oO2539Mw,1.0164
2020-05-17,fl9oO2539Mw,0.1663
2020-05-18,fl9oO2539Mw,0.7826
2020-05-19,fl9oO2539Mw,0.2475
2020-05-20,fl9oO2539Mw,0.6977
2020-05-21,fl9oO2539Mw,0.324
2020-05-22,fl9oO2539Mw,0.3393
2020-05-23,fl9oO2539Mw,1.078
2020-05-24,fl9oO2539Mw,0.735
2020-05-25,fl9oO2539Mw,0.6509
2020-05-26,fl9oO2539Mw,2.1603
2020-05-27,fl9oO2539Mw,1.6819
2020-05-28,fl9oO2539Mw,0.5367
2020-05-29,fl9oO2539Mw,0.4309
2020-05-30,fl9oO2539Mw,0.9254
2020-05-31,fl9oO2539Mw,1.4072
2020-06-01,fl9oO2539Mw,0.3887
2020-06-02,fl9oO2539Mw,2.6837
2020-06-03,fl9oO2539Mw,3.0084
2020-06-04,fl9oO2539Mw,0.6847
2020-06-05,fl9oO2539Mw,1.0969
2020-06-06,fl9oO2539Mw,0.9992
2020-06-07,fl9oO2539Mw,4.6883
2020-06-08,fl9oO2539Mw,3.8397
2020-06-09,fl9oO2539Mw,4.5929
2020-06-10,fl9oO2539Mw,4.2552
2020-06-11,fl9oO2539Mw,3.1498
2020-06-12,fl9oO2539Mw,1.9941
2020-06-13,fl9oO2539Mw,7.4769
2020-06-14,fl9oO2539Mw,5.8505
2020-06-15,fl9oO2539Mw,1.8368
2020-06-16,fl9oO2539Mw,1.3483
2020-06-17,fl9oO2539Mw,0.4781
2020-06-18,fl9oO2539Mw,1.4427
2020-06-19,fl9oO2539Mw,2.832
2020-06-20,fl9oO2539Mw,6.8099
2020-06-21,fl9oO2539Mw,7.7975
2020-06-22,fl9oO2539Mw,3.347
2020-06-23,fl9oO2539Mw,2.5153
2020-06-24,fl9oO2539Mw,1.8666
2020-06-25,fl9oO2539Mw,3.0625
2020-06-26,fl9oO2539Mw,3.3908
2020-06-27,fl9oO2539Mw,1.4228
2020-06-28,fl9oO2539Mw,1.6862
2020-06-29,fl9oO2539Mw,2.0174
2020-06-30,fl9oO2539Mw,2.8373
2020-07-01,fl9oO2539Mw,1.2944
2020-07-02,fl9oO2539Mw,1.5937
2020-07-03,fl9oO2539Mw,2.6495
2020-07-04,fl9oO2539Mw,1.577
2020-07-05,fl9oO2539Mw,2.4697
2020-07-06,fl9oO2539Mw,2.0797
2020-07-07,fl9oO2539Mw,3.075
2020-07-08,fl9oO2539Mw,2.1304
2020-07-09,fl9oO2539Mw,2.0233
2020-07-10,fl9oO2539Mw,1.5652
2020-07-11,fl9oO2539Mw,1.6454
2020-07-12,fl9oO2539Mw,2.5356
2020-07-13,fl9oO2539Mw,1.9306
2020-07-14,fl9oO2539Mw,2.2587
2020-07-15,fl9oO2539Mw,2.0735
2020-07-16,fl9oO2539Mw,0.8949
2020-07-17,fl9oO2539Mw,1.3617
2020-07-18,fl9oO2539Mw,2.2459
2020-07-19,fl9oO2539Mw,2.6794
2020-07-20,fl9oO2539Mw,1.7567
2020-07-21,fl9oO2539Mw,1.3969999999999998
2020-07-22,fl9oO2539Mw,1.5182
2020-07-23,fl9oO2539Mw,2.0022
2020-07-24,fl9oO2539Mw,2.7595
2020-07-25,fl9oO2539Mw,1.7885
2020-07-26,fl9oO2539Mw,1.6740000000000002
2020-07-27,fl9oO2539Mw,1.0556
2020-07-28,fl9oO2539Mw,1.6976
2020-07-29,fl9oO2539Mw,0.7181
2020-07-30,fl9oO2539Mw,0.7499
2020-07-31,fl9oO2539Mw,0.9962
2020-08-01,fl9oO2539Mw,2.8029
2020-08-02,fl9oO2539Mw,1.9969
2020-08-03,fl9oO2539Mw,1.0963
2020-08-04,fl9oO2539Mw,0.435
2020-08-05,fl9oO2539Mw,2.1133
2020-08-06,fl9oO2539Mw,1.3716
2020-08-07,fl9oO2539Mw,1.3586
2020-08-08,fl9oO2539Mw,0.8714
2020-08-09,fl9oO2539Mw,2.2047
2020-08-10,fl9oO2539Mw,1.4377
2020-08-11,fl9oO2539Mw,2.6848
2020-08-12,fl9oO2539Mw,1.5917
2020-08-13,fl9oO2539Mw,1.9316
2020-08-14,fl9oO2539Mw,1.3358
2020-08-15,fl9oO2539Mw,1.0676
2020-08-16,fl9oO2539Mw,2.6438
2020-08-17,fl9oO2539Mw,2.9617
2020-08-18,fl9oO2539Mw,1.7380000000000002
2020-08-19,fl9oO2539Mw,0.314
2020-08-20,fl9oO2539Mw,1.9036
2020-08-21,fl9oO2539Mw,2.662
2020-08-22,fl9oO2539Mw,3.1819
2020-08-23,fl9oO2539Mw,4.069
2020-08-24,fl9oO2539Mw,2.3456
2020-08-25,fl9oO2539Mw,1.3431
2020-08-26,fl9oO2539Mw,2.1664
2020-08-27,fl9oO2539Mw,1.0215
2020-08-28,fl9oO2539Mw,2.2717
2020-08-29,fl9oO2539Mw,1.6419
2020-08-30,fl9oO2539Mw,5.3086
2020-08-31,fl9oO2539Mw,1.5895
2020-09-01,fl9oO2539Mw,3.3896
2020-09-02,fl9oO2539Mw,1.6312
2020-09-03,fl9oO2539Mw,2.5713
2020-09-04,fl9oO2539Mw,0.9135
2020-09-05,fl9oO2539Mw,0.9938
2020-09-06,fl9oO2539Mw,1.4969999999999999
2020-09-07,fl9oO2539Mw,0.6157
2020-09-08,fl9oO2539Mw,2.0879
2020-09-09,fl9oO2539Mw,2.2044
2020-09-10,fl9oO2539Mw,1.7908
2020-09-11,fl9oO2539Mw,1.915
2020-09-12,fl9oO2539Mw,1.9393
2020-09-13,fl9oO2539Mw,2.8049
2020-09-14,fl9oO2539Mw,2.1394
2020-09-15,fl9oO2539Mw,2.6808
2020-09-16,fl9oO2539Mw,2.8157
2020-09-17,fl9oO2539Mw,1.3864
2020-09-18,fl9oO2539Mw,2.2107
2020-09-19,fl9oO2539Mw,2.9584
2020-09-20,fl9oO2539Mw,0.8048
2020-09-21,fl9oO2539Mw,1.6874
2020-09-22,fl9oO2539Mw,1.8124
2020-09-23,fl9oO2539Mw,1.5437
2020-09-24,fl9oO2539Mw,2.0243
2020-09-25,fl9oO2539Mw,0.1534
2020-09-26,fl9oO2539Mw,0.9667
2020-09-27,fl9oO2539Mw,0.4978
2020-09-28,fl9oO2539Mw,1.0656
2020-09-29,fl9oO2539Mw,0.0725
2020-09-30,fl9oO2539Mw,0.5292
2020-10-01,fl9oO2539Mw,0.5534
2020-10-02,fl9oO2539Mw,0.8487
2020-10-03,fl9oO2539Mw,0.9111
2020-10-04,fl9oO2539Mw,1.2770000000000001
2020-10-05,fl9oO2539Mw,0.3802
2020-10-06,fl9oO2539Mw,1.2448
2020-10-07,fl9oO2539Mw,0.6099
2020-10-08,fl9oO2539Mw,0.8901
2020-10-09,fl9oO2539Mw,1.1208
2020-10-10,fl9oO2539Mw,0.9609
2020-10-11,fl9oO2539Mw,0.7393
2020-10-12,fl9oO2539Mw,1.2351
2020-10-13,fl9oO2539Mw,1.2384
2020-10-14,fl9oO2539Mw,1.2634
2020-10-15,fl9oO2539Mw,0.8609
2020-10-16,fl9oO2539Mw,0.9491
2020-10-17,fl9oO2539Mw,0.9178
2020-10-18,fl9oO2539Mw,0.7902
2020-10-19,fl9oO2539Mw,0.8635
2020-10-20,fl9oO2539Mw,0.4115
2020-10-21,fl9oO2539Mw,0.3645
2020-10-22,fl9oO2539Mw,0.8345
2020-10-23,fl9oO2539Mw,1.4137
2020-10-24,fl9oO2539Mw,0.5767
2020-10-25,fl9oO2539Mw,0.6038
2020-10-26,fl9oO2539Mw,1.0126
2020-10-27,fl9oO2539Mw,0.3981
2020-10-28,fl9oO2539Mw,1.7156
2020-10-29,fl9oO2539Mw,1.5390000000000001
2020-10-30,fl9oO2539Mw,2.7239999999999998
2020-10-31,fl9oO2539Mw,0.6283
2020-11-01,fl9oO2539Mw,1.5406
2020-11-02,fl9oO2539Mw,0.4702
2020-11-03,fl9oO2539Mw,0.6436
2020-11-04,fl9oO2539Mw,1.2139
2020-11-05,fl9oO2539Mw,1.1147
2020-11-06,fl9oO2539Mw,0.7653
2020-11-07,fl9oO2539Mw,1.2667
2020-11-08,fl9oO2539Mw,1.1559
2020-11-09,fl9oO2539Mw,0.8704
2020-11-10,fl9oO2539Mw,0.7504
2020-11-11,fl9oO2539Mw,1.0211
2020-11-12,fl9oO2539Mw,0.4434
2020-11-13,fl9oO2539Mw,0.6169
2020-11-14,fl9oO2539Mw,3.0083
2020-11-15,fl9oO2539Mw,1.4569
2020-11-16,fl9oO2539Mw,0.8372
2020-11-17,fl9oO2539Mw,0.6657
2020-11-18,fl9oO2539Mw,1.1540000000000001
2020-11-19,fl9oO2539Mw,0.3173
2020-11-20,fl9oO2539Mw,0.5177
2020-11-21,fl9oO2539Mw,1.6998
2020-11-22,fl9oO2539Mw,0.2561
2020-11-23,fl9oO2539Mw,0.1748
2020-11-24,fl9oO2539Mw,0.8369
2020-11-25,fl9oO2539Mw,0.6787
2020-11-26,fl9oO2539Mw,0.0126
2020-11-27,fl9oO2539Mw,0.3627
2020-11-28,fl9oO2539Mw,1.0033
2020-11-29,fl9oO2539Mw,0.0371
2020-11-30,fl9oO2539Mw,0.8412
2020-12-01,fl9oO2539Mw,0.7101
2020-12-02,fl9oO2539Mw,0.4176
2020-12-03,fl9oO2539Mw,0.8321
2020-12-04,fl9oO2539Mw,1.2166
2020-12-05,fl9oO2539Mw,1.0503
2020-12-06,fl9oO2539Mw,0.785
2020-12-07,fl9oO2539Mw,1.4174
2020-12-08,fl9oO2539Mw,2.0935
2020-12-09,fl9oO2539Mw,1.2097
2020-12-10,fl9oO2539Mw,0.3611
2020-12-11,fl9oO2539Mw,0.8139
2020-04-01,gX3iIdvwfsI,0.0
2020-04-02,gX3iIdvwfsI,0.0
2020-04-03,gX3iIdvwfsI,0.0
2020-04-04,gX3iIdvwfsI,0.0
2020-04-05,gX3iIdvwfsI,0.0
2020-04-06,gX3iIdvwfsI,0.0
2020-04-07,gX3iIdvwfsI,0.0
2020-04-08,gX3iIdvwfsI,0.0
2020-04-09,gX3iIdvwfsI,0.0
2020-04-10,gX3iIdvwfsI,0.0
2020-04-11,gX3iIdvwfsI,0.0
2020-04-12,gX3iIdvwfsI,0.0
2020-04-13,gX3iIdvwfsI,0.0
2020-04-14,gX3iIdvwfsI,0.0
2020-04-15,gX3iIdvwfsI,0.0
2020-04-16,gX3iIdvwfsI,0.0
2020-04-17,gX3iIdvwfsI,0.0
2020-04-18,gX3iIdvwfsI,0.0
2020-04-19,gX3iIdvwfsI,0.0
2020-04-20,gX3iIdvwfsI,0.0
2020-04-21,gX3iIdvwfsI,0.0
2020-04-22,gX3iIdvwfsI,0.0
2020-04-23,gX3iIdvwfsI,0.0
2020-04-24,gX3iIdvwfsI,0.0
2020-04-25,gX3iIdvwfsI,0.0
2020-04-26,gX3iIdvwfsI,0.0
2020-04-27,gX3iIdvwfsI,0.0
2020-04-28,gX3iIdvwfsI,0.0
2020-04-29,gX3iIdvwfsI,0.0
2020-04-30,gX3iIdvwfsI,0.0
2020-05-01,gX3iIdvwfsI,0.0
2020-05-02,gX3iIdvwfsI,0.0
2020-05-03,gX3iIdvwfsI,0.0
2020-05-04,gX3iIdvwfsI,0.0
2020-05-05,gX3iIdvwfsI,0.0
2020-05-06,gX3iIdvwfsI,0.0
2020-05-07,gX3iIdvwfsI,0.0
2020-05-08,gX3iIdvwfsI,0.0
2020-05-09,gX3iIdvwfsI,0.0
2020-05-10,gX3iIdvwfsI,0.0
2020-05-11,gX3iIdvwfsI,0.0
2020-05-12,gX3iIdvwfsI,0.0
2020-05-13,gX3iIdvwfsI,0.0
2020-05-14,gX3iIdvwfsI,0.0
2020-05-15,gX3iIdvwfsI,0.0
2020-05-16,gX3iIdvwfsI,0.0
2020-05-17,gX3iIdvwfsI,0.0
2020-05-18,gX3iIdvwfsI,0.0
2020-05-19,gX3iIdvwfsI,0.0
2020-05-20,gX3iIdvwfsI,0.0
2020-05-21,gX3iIdvwfsI,0.0
2020-05-22,gX3iIdvwfsI,0.0
2020-05-23,gX3iIdvwfsI,0.0
2020-05-24,gX3iIdvwfsI,0.0
2020-05-25,gX3iIdvwfsI,0.0
2020-05-26,gX3iIdvwfsI,0.0
2020-05-27,gX3iIdvwfsI,0.0
2020-05-28,gX3iIdvwfsI,0.0
2020-05-29,gX3iIdvwfsI,0.0
2020-05-30,gX3iIdvwfsI,0.0
2020-05-31,gX3iIdvwfsI,0.0
2020-06-01,gX3iIdvwfsI,0.0
2020-06-02,gX3iIdvwfsI,0.0
2020-06-03,gX3iIdvwfsI,0.0
2020-06-04,gX3iIdvwfsI,0.0
2020-06-05,gX3iIdvwfsI,0.0
2020-06-06,gX3iIdvwfsI,0.0
2020-06-07,gX3iIdvwfsI,0.0
2020-06-08,gX3iIdvwfsI,0.0
2020-06-09,gX3iIdvwfsI,0.0
2020-06-10,gX3iIdvwfsI,0.0
2020-06-11,gX3iIdvwfsI,0.0
2020-06-12,gX3iIdvwfsI,0.0
2020-06-13,gX3iIdvwfsI,0.0
2020-06-14,gX3iIdvwfsI,0.0
2020-06-15,gX3iIdvwfsI,0.0
2020-06-16,gX3iIdvwfsI,0.0
2020-06-17,gX3iIdvwfsI,0.0
2020-06-18,gX3iIdvwfsI,0.0
2020-06-19,gX3iIdvwfsI,0.0
2020-06-20,gX3iIdvwfsI,0.0
2020-06-21,gX3iIdvwfsI,0.0
2020-06-22,gX3iIdvwfsI,0.0
2020-06-23,gX3iIdvwfsI,0.0
2020-06-24,gX3iIdvwfsI,0.0
2020-06-25,gX3iIdvwfsI,0.0
2020-06-26,gX3iIdvwfsI,0.0
2020-06-27,gX3iIdvwfsI,0.0
2020-06-28,gX3iIdvwfsI,0.0
2020-06-29,gX3iIdvwfsI,0.0
2020-06-30,gX3iIdvwfsI,0.0
2020-07-01,gX3iIdvwfsI,0.0
2020-07-02,gX3iIdvwfsI,0.0
2020-07-03,gX3iIdvwfsI,0.0
2020-07-04,gX3iIdvwfsI,0.0
2020-07-05,gX3iIdvwfsI,0.0
2020-07-06,gX3iIdvwfsI,0.0
2020-07-07,gX3iIdvwfsI,0.0
2020-07-08,gX3iIdvwfsI,0.0
2020-07-09,gX3iIdvwfsI,0.0
2020-07-10,gX3iIdvwfsI,0.0
2020-07-11,gX3iIdvwfsI,0.0
2020-07-12,gX3iIdvwfsI,0.0
2020-07-13,gX3iIdvwfsI,0.0
2020-07-14,gX3iIdvwfsI,0.0
2020-07-15,gX3iIdvwfsI,0.0
2020-07-16,gX3iIdvwfsI,0.0
2020-07-17,gX3iIdvwfsI,0.0
2020-07-18,gX3iIdvwfsI,0.0
2020-07-19,gX3iIdvwfsI,0.0
2020-07-20,gX3iIdvwfsI,0.0
2020-07-21,gX3iIdvwfsI,0.0
2020-07-22,gX3iIdvwfsI,0.0
2020-07-23,gX3iIdvwfsI,0.0
2020-07-24,gX3iIdvwfsI,0.0
2020-07-25,gX3iIdvwfsI,0.0
2020-07-26,gX3iIdvwfsI,0.0
2020-07-27,gX3iIdvwfsI,0.0
2020-07-28,gX3iIdvwfsI,0.0
2020-07-29,gX3iIdvwfsI,0.0
2020-07-30,gX3iIdvwfsI,0.0
2020-07-31,gX3iIdvwfsI,0.0
2020-08-01,gX3iIdvwfsI,0.0
2020-08-02,gX3iIdvwfsI,0.0
2020-08-03,gX3iIdvwfsI,0.0
2020-08-04,gX3iIdvwfsI,0.0
2020-08-05,gX3iIdvwfsI,0.0
2020-08-06,gX3iIdvwfsI,0.0
2020-08-07,gX3iIdvwfsI,0.0
2020-08-08,gX3iIdvwfsI,0.0
2020-08-09,gX3iIdvwfsI,0.0
2020-08-10,gX3iIdvwfsI,0.0
2020-08-11,gX3iIdvwfsI,0.0
2020-08-12,gX3iIdvwfsI,0.0
2020-08-13,gX3iIdvwfsI,0.0
2020-08-14,gX3iIdvwfsI,0.0
2020-08-15,gX3iIdvwfsI,0.0
2020-08-16,gX3iIdvwfsI,0.0
2020-08-17,gX3iIdvwfsI,0.0
2020-08-18,gX3iIdvwfsI,0.0
2020-08-19,gX3iIdvwfsI,0.0
2020-08-20,gX3iIdvwfsI,0.0
2020-08-21,gX3iIdvwfsI,0.0
2020-08-22,gX3iIdvwfsI,0.0
2020-08-23,gX3iIdvwfsI,0.0
2020-08-24,gX3iIdvwfsI,0.0
2020-08-25,gX3iIdvwfsI,0.0
2020-08-26,gX3iIdvwfsI,0.0
2020-08-27,gX3iIdvwfsI,0.0
2020-08-28,gX3iIdvwfsI,0.0
2020-08-29,gX3iIdvwfsI,0.0
2020-08-30,gX3iIdvwfsI,0.0
2020-08-31,gX3iIdvwfsI,0.0
2020-09-01,gX3iIdvwfsI,0.0
2020-09-02,gX3iIdvwfsI,0.0
2020-09-03,gX3iIdvwfsI,0.0
2020-09-04,gX3iIdvwfsI,0.0
2020-09-05,gX3iIdvwfsI,0.0
2020-09-06,gX3iIdvwfsI,0.0
2020-09-07,gX3iIdvwfsI,0.0
2020-09-08,gX3iIdvwfsI,0.0
2020-09-09,gX3iIdvwfsI,0.0
2020-09-10,gX3iIdvwfsI,0.0
2020-09-11,gX3iIdvwfsI,0.0
2020-09-12,gX3iIdvwfsI,0.0
2020-09-13,gX3iIdvwfsI,0.0
2020-09-14,gX3iIdvwfsI,0.0
2020-09-15,gX3iIdvwfsI,0.0
2020-09-16,gX3iIdvwfsI,0.0
2020-09-17,gX3iIdvwfsI,0.0
2020-09-18,gX3iIdvwfsI,0.0
2020-09-19,gX3iIdvwfsI,0.0
2020-09-20,gX3iIdvwfsI,0.0
2020-09-21,gX3iIdvwfsI,0.0
2020-09-22,gX3iIdvwfsI,0.0
2020-09-23,gX3iIdvwfsI,0.0
2020-09-24,gX3iIdvwfsI,0.0
2020-09-25,gX3iIdvwfsI,0.0
2020-09-26,gX3iIdvwfsI,0.0
2020-09-27,gX3iIdvwfsI,0.0
2020-09-28,gX3iIdvwfsI,0.0
2020-09-29,gX3iIdvwfsI,0.0
2020-09-30,gX3iIdvwfsI,0.0
2020-10-01,gX3iIdvwfsI,0.0
2020-10-02,gX3iIdvwfsI,0.0
2020-10-03,gX3iIdvwfsI,0.0
2020-10-04,gX3iIdvwfsI,0.0
2020-10-05,gX3iIdvwfsI,0.0
2020-10-06,gX3iIdvwfsI,0.0
2020-10-07,gX3iIdvwfsI,0.0
2020-10-08,gX3iIdvwfsI,0.0
2020-10-09,gX3iIdvwfsI,0.0
2020-10-10,gX3iIdvwfsI,0.0
2020-10-11,gX3iIdvwfsI,0.0
2020-10-12,gX3iIdvwfsI,0.0
2020-10-13,gX3iIdvwfsI,0.0
2020-10-14,gX3iIdvwfsI,0.0
2020-10-15,gX3iIdvwfsI,0.0
2020-10-16,gX3iIdvwfsI,0.0
2020-10-17,gX3iIdvwfsI,0.0
2020-10-18,gX3iIdvwfsI,0.0
2020-10-19,gX3iIdvwfsI,0.0
2020-10-20,gX3iIdvwfsI,0.0
2020-10-21,gX3iIdvwfsI,0.0
2020-10-22,gX3iIdvwfsI,0.0
2020-10-23,gX3iIdvwfsI,0.0
2020-10-24,gX3iIdvwfsI,0.0
2020-10-25,gX3iIdvwfsI,0.0
2020-10-26,gX3iIdvwfsI,0.0
2020-10-27,gX3iIdvwfsI,0.0
2020-10-28,gX3iIdvwfsI,0.0
2020-10-29,gX3iIdvwfsI,0.0
2020-10-30,gX3iIdvwfsI,0.0
2020-10-31,gX3iIdvwfsI,0.0
2020-11-01,gX3iIdvwfsI,0.0
2020-11-02,gX3iIdvwfsI,0.0
2020-11-03,gX3iIdvwfsI,0.0
2020-11-04,gX3iIdvwfsI,0.0
2020-11-05,gX3iIdvwfsI,0.0
2020-11-06,gX3iIdvwfsI,0.0
2020-11-07,gX3iIdvwfsI,0.0
2020-11-08,gX3iIdvwfsI,0.0
2020-11-09,gX3iIdvwfsI,0.0
2020-11-10,gX3iIdvwfsI,170.25799999999998
2020-11-11,gX3iIdvwfsI,25.5023
2020-11-12,gX3iIdvwfsI,20.8511
2020-11-13,gX3iIdvwfsI,9.6604
2020-11-14,gX3iIdvwfsI,8.0893
2020-11-15,gX3iIdvwfsI,6.3252
2020-11-16,gX3iIdvwfsI,3.2342
2020-11-17,gX3iIdvwfsI,0.9529
2020-11-18,gX3iIdvwfsI,1.4384
2020-11-19,gX3iIdvwfsI,0.7751
2020-11-20,gX3iIdvwfsI,0.8813
2020-11-21,gX3iIdvwfsI,0.7142
2020-11-22,gX3iIdvwfsI,2.0956
2020-11-23,gX3iIdvwfsI,0.2692
2020-11-24,gX3iIdvwfsI,1.5093
2020-11-25,gX3iIdvwfsI,1.9828
2020-11-26,gX3iIdvwfsI,0.498
2020-11-27,gX3iIdvwfsI,0.4207
2020-11-28,gX3iIdvwfsI,1.2703
2020-11-29,gX3iIdvwfsI,1.2195
2020-11-30,gX3iIdvwfsI,1.2519
2020-12-01,gX3iIdvwfsI,0.6335
2020-12-02,gX3iIdvwfsI,0.7984
2020-12-03,gX3iIdvwfsI,0.4029
2020-12-04,gX3iIdvwfsI,0.4589
2020-12-05,gX3iIdvwfsI,1.6173
2020-12-06,gX3iIdvwfsI,0.4337
2020-12-07,gX3iIdvwfsI,0.857
2020-12-08,gX3iIdvwfsI,0.3311
2020-12-09,gX3iIdvwfsI,1.0036
2020-12-10,gX3iIdvwfsI,0.2759
2020-12-11,gX3iIdvwfsI,0.8032
2020-04-01,nzrhjPWmUSs,0.0
2020-04-02,nzrhjPWmUSs,0.0
2020-04-03,nzrhjPWmUSs,0.0
2020-04-04,nzrhjPWmUSs,0.0
2020-04-05,nzrhjPWmUSs,0.0
2020-04-06,nzrhjPWmUSs,0.0
2020-04-07,nzrhjPWmUSs,0.0
2020-04-08,nzrhjPWmUSs,0.0
2020-04-09,nzrhjPWmUSs,0.0
2020-04-10,nzrhjPWmUSs,0.0
2020-04-11,nzrhjPWmUSs,0.0
2020-04-12,nzrhjPWmUSs,0.0
2020-04-13,nzrhjPWmUSs,0.0
2020-04-14,nzrhjPWmUSs,0.0
2020-04-15,nzrhjPWmUSs,0.0
2020-04-16,nzrhjPWmUSs,0.0
2020-04-17,nzrhjPWmUSs,0.0
2020-04-18,nzrhjPWmUSs,0.0
2020-04-19,nzrhjPWmUSs,0.0
2020-04-20,nzrhjPWmUSs,0.0
2020-04-21,nzrhjPWmUSs,0.0
2020-04-22,nzrhjPWmUSs,0.0
2020-04-23,nzrhjPWmUSs,0.0
2020-04-24,nzrhjPWmUSs,0.0
2020-04-25,nzrhjPWmUSs,0.0
2020-04-26,nzrhjPWmUSs,0.0
2020-04-27,nzrhjPWmUSs,0.0
2020-04-28,nzrhjPWmUSs,0.0
2020-04-29,nzrhjPWmUSs,0.0
2020-04-30,nzrhjPWmUSs,0.0
2020-05-01,nzrhjPWmUSs,0.0
2020-05-02,nzrhjPWmUSs,0.0
2020-05-03,nzrhjPWmUSs,0.0
2020-05-04,nzrhjPWmUSs,0.0
2020-05-05,nzrhjPWmUSs,0.0
2020-05-06,nzrhjPWmUSs,0.0
2020-05-07,nzrhjPWmUSs,0.0
2020-05-08,nzrhjPWmUSs,0.0
2020-05-09,nzrhjPWmUSs,0.0
2020-05-10,nzrhjPWmUSs,0.0
2020-05-11,nzrhjPWmUSs,0.0
2020-05-12,nzrhjPWmUSs,0.0
2020-05-13,nzrhjPWmUSs,0.0
2020-05-14,nzrhjPWmUSs,0.0
2020-05-15,nzrhjPWmUSs,0.0
2020-05-16,nzrhjPWmUSs,0.0
2020-05-17,nzrhjPWmUSs,0.0
2020-05-18,nzrhjPWmUSs,0.0
2020-05-19,nzrhjPWmUSs,0.0
2020-05-20,nzrhjPWmUSs,0.0
2020-05-21,nzrhjPWmUSs,0.0
2020-05-22,nzrhjPWmUSs,0.0
2020-05-23,nzrhjPWmUSs,0.0
2020-05-24,nzrhjPWmUSs,0.0
2020-05-25,nzrhjPWmUSs,0.0
2020-05-26,nzrhjPWmUSs,0.0
2020-05-27,nzrhjPWmUSs,0.0
2020-05-28,nzrhjPWmUSs,0.0
2020-05-29,nzrhjPWmUSs,0.0
2020-05-30,nzrhjPWmUSs,0.0
2020-05-31,nzrhjPWmUSs,0.0
2020-06-01,nzrhjPWmUSs,0.0
2020-06-02,nzrhjPWmUSs,0.0
2020-06-03,nzrhjPWmUSs,0.0
2020-06-04,nzrhjPWmUSs,0.0
2020-06-05,nzrhjPWmUSs,0.0
2020-06-06,nzrhjPWmUSs,0.0
2020-06-07,nzrhjPWmUSs,0.0
2020-06-08,nzrhjPWmUSs,0.0
2020-06-09,nzrhjPWmUSs,0.0
2020-06-10,nzrhjPWmUSs,0.0
2020-06-11,nzrhjPWmUSs,0.0
2020-06-12,nzrhjPWmUSs,0.0
2020-06-13,nzrhjPWmUSs,0.0
2020-06-14,nzrhjPWmUSs,0.0
2020-06-15,nzrhjPWmUSs,0.0
2020-06-16,nzrhjPWmUSs,0.0
2020-06-17,nzrhjPWmUSs,0.0
2020-06-18,nzrhjPWmUSs,0.0
2020-06-19,nzrhjPWmUSs,0.0
2020-06-20,nzrhjPWmUSs,0.0
2020-06-21,nzrhjPWmUSs,0.0
2020-06-22,nzrhjPWmUSs,0.0
2020-06-23,nzrhjPWmUSs,0.0
2020-06-24,nzrhjPWmUSs,0.0
2020-06-25,nzrhjPWmUSs,0.0
2020-06-26,nzrhjPWmUSs,0.0
2020-06-27,nzrhjPWmUSs,0.0
2020-06-28,nzrhjPWmUSs,0.0
2020-06-29,nzrhjPWmUSs,0.0
2020-06-30,nzrhjPWmUSs,0.0
2020-07-01,nzrhjPWmUSs,0.0
2020-07-02,nzrhjPWmUSs,0.0
2020-07-03,nzrhjPWmUSs,0.0
2020-07-04,nzrhjPWmUSs,0.0
2020-07-05,nzrhjPWmUSs,0.0
2020-07-06,nzrhjPWmUSs,0.0
2020-07-07,nzrhjPWmUSs,0.0
2020-07-08,nzrhjPWmUSs,0.0
2020-07-09,nzrhjPWmUSs,0.0
2020-07-10,nzrhjPWmUSs,0.0
2020-07-11,nzrhjPWmUSs,19.7874
2020-07-12,nzrhjPWmUSs,7.5295
2020-07-13,nzrhjPWmUSs,6.1152
2020-07-14,nzrhjPWmUSs,5.8661
2020-07-15,nzrhjPWmUSs,1.7737
2020-07-16,nzrhjPWmUSs,2.2733
2020-07-17,nzrhjPWmUSs,0.7451
2020-07-18,nzrhjPWmUSs,1.1988
2020-07-19,nzrhjPWmUSs,1.7673
2020-07-20,nzrhjPWmUSs,0.193
2020-07-21,nzrhjPWmUSs,0.8953
2020-07-22,nzrhjPWmUSs,2.1933
2020-07-23,nzrhjPWmUSs,1.1383
2020-07-24,nzrhjPWmUSs,1.4054
2020-07-25,nzrhjPWmUSs,0.6672
2020-07-26,nzrhjPWmUSs,1.0109
2020-07-27,nzrhjPWmUSs,0.5692
2020-07-28,nzrhjPWmUSs,1.2944
2020-07-29,nzrhjPWmUSs,0.7093
2020-07-30,nzrhjPWmUSs,0.8241
2020-07-31,nzrhjPWmUSs,1.2877
2020-08-01,nzrhjPWmUSs,0.7411
2020-08-02,nzrhjPWmUSs,1.058
2020-08-03,nzrhjPWmUSs,0.4652
2020-08-04,nzrhjPWmUSs,0.8535
2020-08-05,nzrhjPWmUSs,1.3766
2020-08-06,nzrhjPWmUSs,1.8913
2020-08-07,nzrhjPWmUSs,3.4578
2020-08-08,nzrhjPWmUSs,1.8746
2020-08-09,nzrhjPWmUSs,2.4155
2020-08-10,nzrhjPWmUSs,1.2741
2020-08-11,nzrhjPWmUSs,2.1412
2020-08-12,nzrhjPWmUSs,1.7599
2020-08-13,nzrhjPWmUSs,0.9293
2020-08-14,nzrhjPWmUSs,0.43
2020-08-15,nzrhjPWmUSs,1.7129
2020-08-16,nzrhjPWmUSs,0.9779
2020-08-17,nzrhjPWmUSs,0.5566
2020-08-18,nzrhjPWmUSs,1.2186
2020-08-19,nzrhjPWmUSs,1.0105
2020-08-20,nzrhjPWmUSs,1.6056
2020-08-21,nzrhjPWmUSs,0.7841
2020-08-22,nzrhjPWmUSs,2.7574
2020-08-23,nzrhjPWmUSs,1.9228
2020-08-24,nzrhjPWmUSs,1.1758
2020-08-25,nzrhjPWmUSs,1.6385
2020-08-26,nzrhjPWmUSs,1.5819
2020-08-27,nzrhjPWmUSs,1.8199
2020-08-28,nzrhjPWmUSs,0.2762
2020-08-29,nzrhjPWmUSs,0.7411
2020-08-30,nzrhjPWmUSs,2.7308
2020-08-31,nzrhjPWmUSs,1.2759
2020-09-01,nzrhjPWmUSs,1.227
2020-09-02,nzrhjPWmUSs,1.5951
2020-09-03,nzrhjPWmUSs,2.1952
2020-09-04,nzrhjPWmUSs,0.9577
2020-09-05,nzrhjPWmUSs,1.5091
2020-09-06,nzrhjPWmUSs,2.2639
2020-09-07,nzrhjPWmUSs,0.3734
2020-09-08,nzrhjPWmUSs,0.2926
2020-09-09,nzrhjPWmUSs,1.104
2020-09-10,nzrhjPWmUSs,0.8265
2020-09-11,nzrhjPWmUSs,0.1953
2020-09-12,nzrhjPWmUSs,1.4922
2020-09-13,nzrhjPWmUSs,2.3068
2020-09-14,nzrhjPWmUSs,1.4814
2020-09-15,nzrhjPWmUSs,1.0755
2020-09-16,nzrhjPWmUSs,1.0045
2020-09-17,nzrhjPWmUSs,0.7983
2020-09-18,nzrhjPWmUSs,1.3659
2020-09-19,nzrhjPWmUSs,0.9927
2020-09-20,nzrhjPWmUSs,1.5344
2020-09-21,nzrhjPWmUSs,2.3779
2020-09-22,nzrhjPWmUSs,1.3276
2020-09-23,nzrhjPWmUSs,0.5982
2020-09-24,nzrhjPWmUSs,1.188
2020-09-25,nzrhjPWmUSs,1.1872
2020-09-26,nzrhjPWmUSs,0.6462
2020-09-27,nzrhjPWmUSs,0.9525
2020-09-28,nzrhjPWmUSs,1.2542
2020-09-29,nzrhjPWmUSs,0.8399
2020-09-30,nzrhjPWmUSs,0.3097
2020-10-01,nzrhjPWmUSs,0.3717
2020-10-02,nzrhjPWmUSs,0.149
2020-10-03,nzrhjPWmUSs,0.943
2020-10-04,nzrhjPWmUSs,1.8522
2020-10-05,nzrhjPWmUSs,1.0092
2020-10-06,nzrhjPWmUSs,0.8523
2020-10-07,nzrhjPWmUSs,0.6265
2020-10-08,nzrhjPWmUSs,0.8688
2020-10-09,nzrhjPWmUSs,1.9756
2020-10-10,nzrhjPWmUSs,1.0046
2020-10-11,nzrhjPWmUSs,1.3137
2020-10-12,nzrhjPWmUSs,0.7204
2020-10-13,nzrhjPWmUSs,0.6762
2020-10-14,nzrhjPWmUSs,0.1428
2020-10-15,nzrhjPWmUSs,1.7044
2020-10-16,nzrhjPWmUSs,0.3305
2020-10-17,nzrhjPWmUSs,1.6468
2020-10-18,nzrhjPWmUSs,0.9596
2020-10-19,nzrhjPWmUSs,1.1133
2020-10-20,nzrhjPWmUSs,0.909
2020-10-21,nzrhjPWmUSs,0.9338
2020-10-22,nzrhjPWmUSs,1.7975
2020-10-23,nzrhjPWmUSs,1.1048
2020-10-24,nzrhjPWmUSs,0.7049
2020-10-25,nzrhjPWmUSs,0.5276
2020-10-26,nzrhjPWmUSs,0.1982
2020-10-27,nzrhjPWmUSs,0.9433
2020-10-28,nzrhjPWmUSs,2.5727
2020-10-29,nzrhjPWmUSs,1.1898
2020-10-30,nzrhjPWmUSs,1.2728
2020-10-31,nzrhjPWmUSs,0.9369
2020-11-01,nzrhjPWmUSs,1.3089
2020-11-02,nzrhjPWmUSs,0.5939
2020-11-03,nzrhjPWmUSs,0.2986
2020-11-04,nzrhjPWmUSs,0.4881
2020-11-05,nzrhjPWmUSs,1.5463
2020-11-06,nzrhjPWmUSs,0.9208
2020-11-07,nzrhjPWmUSs,0.7556
2020-11-08,nzrhjPWmUSs,1.4962
2020-11-09,nzrhjPWmUSs,1.3716
2020-11-10,nzrhjPWmUSs,1.8304
2020-11-11,nzrhjPWmUSs,2.4013
2020-11-12,nzrhjPWmUSs,0.9895
2020-11-13,nzrhjPWmUSs,1.5893
2020-11-14,nzrhjPWmUSs,2.6084
2020-11-15,nzrhjPWmUSs,3.7891
2020-11-16,nzrhjPWmUSs,1.3971
2020-11-17,nzrhjPWmUSs,0.7256
2020-11-18,nzrhjPWmUSs,2.4184
2020-11-19,nzrhjPWmUSs,3.4442
2020-11-20,nzrhjPWmUSs,1.5299
2020-11-21,nzrhjPWmUSs,2.4922
2020-11-22,nzrhjPWmUSs,3.5376
2020-11-23,nzrhjPWmUSs,1.7058
2020-11-24,nzrhjPWmUSs,4.055
2020-11-25,nzrhjPWmUSs,1.9854
2020-11-26,nzrhjPWmUSs,3.52
2020-11-27,nzrhjPWmUSs,1.2791
2020-11-28,nzrhjPWmUSs,3.1845
2020-11-29,nzrhjPWmUSs,3.6618
2020-11-30,nzrhjPWmUSs,1.4308
2020-12-01,nzrhjPWmUSs,3.2522
2020-12-02,nzrhjPWmUSs,2.7123
2020-12-03,nzrhjPWmUSs,0.3936
2020-12-04,nzrhjPWmUSs,2.0943
2020-12-05,nzrhjPWmUSs,3.302
2020-12-06,nzrhjPWmUSs,2.9911
2020-12-07,nzrhjPWmUSs,2.6206
2020-12-08,nzrhjPWmUSs,3.5
2020-12-09,nzrhjPWmUSs,1.7526
2020-12-10,nzrhjPWmUSs,1.6305
2020-12-11,nzrhjPWmUSs,1.49
2020-04-01,p8rze8aXbBk,0.0
2020-04-02,p8rze8aXbBk,0.0
2020-04-03,p8rze8aXbBk,0.0
2020-04-04,p8rze8aXbBk,0.0
2020-04-05,p8rze8aXbBk,0.0
2020-04-06,p8rze8aXbBk,0.0
2020-04-07,p8rze8aXbBk,0.0
2020-04-08,p8rze8aXbBk,0.0
2020-04-09,p8rze8aXbBk,0.0
2020-04-10,p8rze8aXbBk,0.0
2020-04-11,p8rze8aXbBk,0.0
2020-04-12,p8rze8aXbBk,0.0
2020-04-13,p8rze8aXbBk,0.0
2020-04-14,p8rze8aXbBk,0.0
2020-04-15,p8rze8aXbBk,0.0
2020-04-16,p8rze8aXbBk,0.0
2020-04-17,p8rze8aXbBk,0.0
2020-04-18,p8rze8aXbBk,0.0
2020-04-19,p8rze8aXbBk,0.0
2020-04-20,p8rze8aXbBk,0.0
2020-04-21,p8rze8aXbBk,0.0
2020-04-22,p8rze8aXbBk,0.0
2020-04-23,p8rze8aXbBk,0.0
2020-04-24,p8rze8aXbBk,0.0
2020-04-25,p8rze8aXbBk,0.0
2020-04-26,p8rze8aXbBk,0.0
2020-04-27,p8rze8aXbBk,0.0
2020-04-28,p8rze8aXbBk,0.0
2020-04-29,p8rze8aXbBk,0.0
2020-04-30,p8rze8aXbBk,0.0
2020-05-01,p8rze8aXbBk,0.0
2020-05-02,p8rze8aXbBk,0.0
2020-05-03,p8rze8aXbBk,0.0
2020-05-04,p8rze8aXbBk,0.0
2020-05-05,p8rze8aXbBk,0.0
2020-05-06,p8rze8aXbBk,0.0
2020-05-07,p8rze8aXbBk,0.0
2020-05-08,p8rze8aXbBk,0.0
2020-05-09,p8rze8aXbBk,0.0
2020-05-10,p8rze8aXbBk,0.0
2020-05-11,p8rze8aXbBk,0.0
2020-05-12,p8rze8aXbBk,0.0
2020-05-13,p8rze8aXbBk,0.0
2020-05-14,p8rze8aXbBk,0.0
2020-05-15,p8rze8aXbBk,0.0
2020-05-16,p8rze8aXbBk,0.0
2020-05-17,p8rze8aXbBk,0.0
2020-05-18,p8rze8aXbBk,0.0
2020-05-19,p8rze8aXbBk,0.0
2020-05-20,p8rze8aXbBk,0.0
2020-05-21,p8rze8aXbBk,0.0
2020-05-22,p8rze8aXbBk,0.0
2020-05-23,p8rze8aXbBk,0.0
2020-05-24,p8rze8aXbBk,0.0
2020-05-25,p8rze8aXbBk,0.0
2020-05-26,p8rze8aXbBk,0.0
2020-05-27,p8rze8aXbBk,0.0
2020-05-28,p8rze8aXbBk,0.0
2020-05-29,p8rze8aXbBk,0.0
2020-05-30,p8rze8aXbBk,0.0
2020-05-31,p8rze8aXbBk,0.0
2020-06-01,p8rze8aXbBk,0.0
2020-06-02,p8rze8aXbBk,0.0
2020-06-03,p8rze8aXbBk,0.0
2020-06-04,p8rze8aXbBk,0.0
2020-06-05,p8rze8aXbBk,0.0
2020-06-06,p8rze8aXbBk,0.0
2020-06-07,p8rze8aXbBk,0.0
2020-06-08,p8rze8aXbBk,0.0
2020-06-09,p8rze8aXbBk,0.0
2020-06-10,p8rze8aXbBk,0.0
2020-06-11,p8rze8aXbBk,0.0
2020-06-12,p8rze8aXbBk,0.0
2020-06-13,p8rze8aXbBk,0.0
2020-06-14,p8rze8aXbBk,0.0
2020-06-15,p8rze8aXbBk,0.0
2020-06-16,p8rze8aXbBk,0.0
2020-06-17,p8rze8aXbBk,0.0
2020-06-18,p8rze8aXbBk,0.0
2020-06-19,p8rze8aXbBk,0.0
2020-06-20,p8rze8aXbBk,0.0
2020-06-21,p8rze8aXbBk,0.0
2020-06-22,p8rze8aXbBk,0.0
2020-06-23,p8rze8aXbBk,0.0
2020-06-24,p8rze8aXbBk,0.0
2020-06-25,p8rze8aXbBk,0.0
2020-06-26,p8rze8aXbBk,0.0
2020-06-27,p8rze8aXbBk,0.0
2020-06-28,p8rze8aXbBk,0.0
2020-06-29,p8rze8aXbBk,0.0
2020-06-30,p8rze8aXbBk,0.0
2020-07-01,p8rze8aXbBk,0.0
2020-07-02,p8rze8aXbBk,0.0
2020-07-03,p8rze8aXbBk,0.0
2020-07-04,p8rze8aXbBk,0.0
2020-07-05,p8rze8aXbBk,0.0
2020-07-06,p8rze8aXbBk,0.0
2020-07-07,p8rze8aXbBk,0.0
2020-07-08,p8rze8aXbBk,0.0
2020-07-09,p8rze8aXbBk,0.0
2020-07-10,p8rze8aXbBk,0.0
2020-07-11,p8rze8aXbBk,0.0
2020-07-12,p8rze8aXbBk,0.0
2020-07-13,p8rze8aXbBk,0.0
2020-07-14,p8rze8aXbBk,0.0
2020-07-15,p8rze8aXbBk,0.0
2020-07-16,p8rze8aXbBk,0.0
2020-07-17,p8rze8aXbBk,0.0
2020-07-18,p8rze8aXbBk,0.0
2020-07-19,p8rze8aXbBk,0.0
2020-07-20,p8rze8aXbBk,0.0
2020-07-21,p8rze8aXbBk,0.0
2020-07-22,p8rze8aXbBk,0.0
2020-07-23,p8rze8aXbBk,0.0
2020-07-24,p8rze8aXbBk,0.0
2020-07-25,p8rze8aXbBk,0.0
2020-07-26,p8rze8aXbBk,0.0
2020-07-27,p8rze8aXbBk,0.0
2020-07-28,p8rze8aXbBk,0.0
2020-07-29,p8rze8aXbBk,0.0
2020-07-30,p8rze8aXbBk,0.0
2020-07-31,p8rze8aXbBk,0.0
2020-08-01,p8rze8aXbBk,0.0
2020-08-02,p8rze8aXbBk,0.0
2020-08-03,p8rze8aXbBk,0.0
2020-08-04,p8rze8aXbBk,0.0
2020-08-05,p8rze8aXbBk,0.0
2020-08-06,p8rze8aXbBk,0.0
2020-08-07,p8rze8aXbBk,0.0
2020-08-08,p8rze8aXbBk,0.0
2020-08-09,p8rze8aXbBk,0.0
2020-08-10,p8rze8aXbBk,0.0
2020-08-11,p8rze8aXbBk,0.0
2020-08-12,p8rze8aXbBk,0.0
2020-08-13,p8rze8aXbBk,0.0
2020-08-14,p8rze8aXbBk,0.0
2020-08-15,p8rze8aXbBk,0.0
2020-08-16,p8rze8aXbBk,0.0
2020-08-17,p8rze8aXbBk,0.0
2020-08-18,p8rze8aXbBk,0.0
2020-08-19,p8rze8aXbBk,0.0
2020-08-20,p8rze8aXbBk,0.0
2020-08-21,p8rze8aXbBk,0.0
2020-08-22,p8rze8aXbBk,0.0
2020-08-23,p8rze8aXbBk,0.0
2020-08-24,p8rze8aXbBk,0.0
2020-08-25,p8rze8aXbBk,0.0
2020-08-26,p8rze8aXbBk,0.0
2020-08-27,p8rze8aXbBk,0.0
2020-08-28,p8rze8aXbBk,0.0
2020-08-29,p8rze8aXbBk,0.0
2020-08-30,p8rze8aXbBk,0.0
2020-08-31,p8rze8aXbBk,0.0
2020-09-01,p8rze8aXbBk,0.0
2020-09-02,p8rze8aXbBk,0.0
2020-09-03,p8rze8aXbBk,0.0
2020-09-04,p8rze8aXbBk,0.0
2020-09-05,p8rze8aXbBk,0.0
2020-09-06,p8rze8aXbBk,0.0
2020-09-07,p8rze8aXbBk,0.0
2020-09-08,p8rze8aXbBk,0.0
2020-09-09,p8rze8aXbBk,0.0
2020-09-10,p8rze8aXbBk,0.0
2020-09-11,p8rze8aXbBk,0.0
2020-09-12,p8rze8aXbBk,0.0
2020-09-13,p8rze8aXbBk,0.0
2020-09-14,p8rze8aXbBk,0.0
2020-09-15,p8rze8aXbBk,0.0
2020-09-16,p8rze8aXbBk,0.0
2020-09-17,p8rze8aXbBk,0.0
2020-09-18,p8rze8aXbBk,0.0
2020-09-19,p8rze8aXbBk,0.0
2020-09-20,p8rze8aXbBk,0.0
2020-09-21,p8rze8aXbBk,0.0
2020-09-22,p8rze8aXbBk,0.0
2020-09-23,p8rze8aXbBk,0.0
2020-09-24,p8rze8aXbBk,0.0
2020-09-25,p8rze8aXbBk,0.0
2020-09-26,p8rze8aXbBk,0.0
2020-09-27,p8rze8aXbBk,0.0
2020-09-28,p8rze8aXbBk,0.0
2020-09-29,p8rze8aXbBk,0.0
2020-09-30,p8rze8aXbBk,0.0
2020-10-01,p8rze8aXbBk,0.0
2020-10-02,p8rze8aXbBk,0.0
2020-10-03,p8rze8aXbBk,0.0
2020-10-04,p8rze8aXbBk,0.0
2020-10-05,p8rze8aXbBk,0.0
2020-10-06,p8rze8aXbBk,0.0
2020-10-07,p8rze8aXbBk,0.0
2020-10-08,p8rze8aXbBk,0.0
2020-10-09,p8rze8aXbBk,0.0
2020-10-10,p8rze8aXbBk,0.0
2020-10-11,p8rze8aXbBk,0.0
2020-10-12,p8rze8aXbBk,0.0
2020-10-13,p8rze8aXbBk,0.0
2020-10-14,p8rze8aXbBk,0.0
2020-10-15,p8rze8aXbBk,0.0
2020-10-16,p8rze8aXbBk,0.0
2020-10-17,p8rze8aXbBk,0.0
2020-10-18,p8rze8aXbBk,0.0
2020-10-19,p8rze8aXbBk,0.0
2020-10-20,p8rze8aXbBk,0.0
2020-10-21,p8rze8aXbBk,0.0
2020-10-22,p8rze8aXbBk,0.0
2020-10-23,p8rze8aXbBk,0.0
2020-10-24,p8rze8aXbBk,0.0
2020-10-25,p8rze8aXbBk,0.0
2020-10-26,p8rze8aXbBk,0.0
2020-10-27,p8rze8aXbBk,0.0
2020-10-28,p8rze8aXbBk,0.0
2020-10-29,p8rze8aXbBk,0.0
2020-10-30,p8rze8aXbBk,0.0
2020-10-31,p8rze8aXbBk,0.0
2020-11-01,p8rze8aXbBk,0.0
2020-11-02,p8rze8aXbBk,0.0
2020-11-03,p8rze8aXbBk,0.0
2020-11-04,p8rze8aXbBk,0.0
2020-11-05,p8rze8aXbBk,0.0
2020-11-06,p8rze8aXbBk,0.0
2020-11-07,p8rze8aXbBk,0.0
2020-11-08,p8rze8aXbBk,0.0
2020-11-09,p8rze8aXbBk,0.0
2020-11-10,p8rze8aXbBk,0.0
2020-11-11,p8rze8aXbBk,0.0
2020-11-12,p8rze8aXbBk,0.0
2020-11-13,p8rze8aXbBk,0.0
2020-11-14,p8rze8aXbBk,0.0
2020-11-15,p8rze8aXbBk,0.0
2020-11-16,p8rze8aXbBk,0.0
2020-11-17,p8rze8aXbBk,163.9343
2020-11-18,p8rze8aXbBk,66.1698
2020-11-19,p8rze8aXbBk,14.5025
2020-11-20,p8rze8aXbBk,8.5216
2020-11-21,p8rze8aXbBk,8.177
2020-11-22,p8rze8aXbBk,5.2324
2020-11-23,p8rze8aXbBk,2.4283
2020-11-24,p8rze8aXbBk,3.1179
2020-11-25,p8rze8aXbBk,3.0403
2020-11-26,p8rze8aXbBk,1.2926
2020-11-27,p8rze8aXbBk,1.0807
2020-11-28,p8rze8aXbBk,0.8076
2020-11-29,p8rze8aXbBk,1.5731
2020-11-30,p8rze8aXbBk,1.0238
2020-12-01,p8rze8aXbBk,0.8515
2020-12-02,p8rze8aXbBk,1.1896
2020-12-03,p8rze8aXbBk,1.0528
2020-12-04,p8rze8aXbBk,0.8802
2020-12-05,p8rze8aXbBk,0.4628
2020-12-06,p8rze8aXbBk,1.8738
2020-12-07,p8rze8aXbBk,1.0122
2020-12-08,p8rze8aXbBk,1.2637
2020-12-09,p8rze8aXbBk,0.9885
2020-12-10,p8rze8aXbBk,1.4097
2020-12-11,p8rze8aXbBk,0.7962
2020-04-01,tnC2bTe7btY,0.0
2020-04-02,tnC2bTe7btY,0.0
2020-04-03,tnC2bTe7btY,0.0
2020-04-04,tnC2bTe7btY,0.0
2020-04-05,tnC2bTe7btY,0.0
2020-04-06,tnC2bTe7btY,0.0
2020-04-07,tnC2bTe7btY,0.0
2020-04-08,tnC2bTe7btY,0.0
2020-04-09,tnC2bTe7btY,0.0
2020-04-10,tnC2bTe7btY,0.0
2020-04-11,tnC2bTe7btY,0.0
2020-04-12,tnC2bTe7btY,0.0
2020-04-13,tnC2bTe7btY,0.0
2020-04-14,tnC2bTe7btY,0.0
2020-04-15,tnC2bTe7btY,0.0
2020-04-16,tnC2bTe7btY,0.0
2020-04-17,tnC2bTe7btY,0.0
2020-04-18,tnC2bTe7btY,0.0
2020-04-19,tnC2bTe7btY,0.0
2020-04-20,tnC2bTe7btY,0.0
2020-04-21,tnC2bTe7btY,0.0
2020-04-22,tnC2bTe7btY,0.0
2020-04-23,tnC2bTe7btY,0.0
2020-04-24,tnC2bTe7btY,0.0
2020-04-25,tnC2bTe7btY,0.0
2020-04-26,tnC2bTe7btY,0.0
2020-04-27,tnC2bTe7btY,0.0
2020-04-28,tnC2bTe7btY,0.0
2020-04-29,tnC2bTe7btY,0.0
2020-04-30,tnC2bTe7btY,0.0
2020-05-01,tnC2bTe7btY,0.0
2020-05-02,tnC2bTe7btY,0.0
2020-05-03,tnC2bTe7btY,0.0
2020-05-04,tnC2bTe7btY,0.0
2020-05-05,tnC2bTe7btY,0.0
2020-05-06,tnC2bTe7btY,0.0
2020-05-07,tnC2bTe7btY,0.0
2020-05-08,tnC2bTe7btY,0.0
2020-05-09,tnC2bTe7btY,0.0
2020-05-10,tnC2bTe7btY,0.0
2020-05-11,tnC2bTe7btY,0.0
2020-05-12,tnC2bTe7btY,0.0
2020-05-13,tnC2bTe7btY,0.0
2020-05-14,tnC2bTe7btY,0.0
2020-05-15,tnC2bTe7btY,0.0
2020-05-16,tnC2bTe7btY,0.0
2020-05-17,tnC2bTe7btY,0.0
2020-05-18,tnC2bTe7btY,0.0
2020-05-19,tnC2bTe7btY,0.0
2020-05-20,tnC2bTe7btY,0.0
2020-05-21,tnC2bTe7btY,0.0
2020-05-22,tnC2bTe7btY,0.0
2020-05-23,tnC2bTe7btY,0.0
2020-05-24,tnC2bTe7btY,0.0
2020-05-25,tnC2bTe7btY,0.0
2020-05-26,tnC2bTe7btY,0.0
2020-05-27,tnC2bTe7btY,0.0
2020-05-28,tnC2bTe7btY,0.0
2020-05-29,tnC2bTe7btY,0.0
2020-05-30,tnC2bTe7btY,0.0
2020-05-31,tnC2bTe7btY,0.0
2020-06-01,tnC2bTe7btY,0.0
2020-06-02,tnC2bTe7btY,0.0
2020-06-03,tnC2bTe7btY,0.0
2020-06-04,tnC2bTe7btY,0.0
2020-06-05,tnC2bTe7btY,0.0
2020-06-06,tnC2bTe7btY,0.0
2020-06-07,tnC2bTe7btY,0.0
2020-06-08,tnC2bTe7btY,0.0
2020-06-09,tnC2bTe7btY,0.0
2020-06-10,tnC2bTe7btY,0.0
2020-06-11,tnC2bTe7btY,0.0
2020-06-12,tnC2bTe7btY,0.0
2020-06-13,tnC2bTe7btY,0.0
2020-06-14,tnC2bTe7btY,0.0
2020-06-15,tnC2bTe7btY,0.0
2020-06-16,tnC2bTe7btY,0.0
2020-06-17,tnC2bTe7btY,0.0
2020-06-18,tnC2bTe7btY,0.0
2020-06-19,tnC2bTe7btY,0.0
2020-06-20,tnC2bTe7btY,0.0
2020-06-21,tnC2bTe7btY,0.0
2020-06-22,tnC2bTe7btY,0.0
2020-06-23,tnC2bTe7btY,0.0
2020-06-24,tnC2bTe7btY,0.0
2020-06-25,tnC2bTe7btY,0.0
2020-06-26,tnC2bTe7btY,0.0
2020-06-27,tnC2bTe7btY,0.0
2020-06-28,tnC2bTe7btY,0.0
2020-06-29,tnC2bTe7btY,0.0
2020-06-30,tnC2bTe7btY,0.0
2020-07-01,tnC2bTe7btY,0.0
2020-07-02,tnC2bTe7btY,0.0
2020-07-03,tnC2bTe7btY,0.0
2020-07-04,tnC2bTe7btY,0.0
2020-07-05,tnC2bTe7btY,0.0
2020-07-06,tnC2bTe7btY,0.0
2020-07-07,tnC2bTe7btY,0.0
2020-07-08,tnC2bTe7btY,0.0
2020-07-09,tnC2bTe7btY,0.0
2020-07-10,tnC2bTe7btY,0.0
2020-07-11,tnC2bTe7btY,0.0
2020-07-12,tnC2bTe7btY,0.0
2020-07-13,tnC2bTe7btY,0.0
2020-07-14,tnC2bTe7btY,0.0
2020-07-15,tnC2bTe7btY,0.0
2020-07-16,tnC2bTe7btY,0.0
2020-07-17,tnC2bTe7btY,0.0
2020-07-18,tnC2bTe7btY,0.0
2020-07-19,tnC2bTe7btY,0.0
2020-07-20,tnC2bTe7btY,0.0
2020-07-21,tnC2bTe7btY,0.0
2020-07-22,tnC2bTe7btY,0.0
2020-07-23,tnC2bTe7btY,0.0
2020-07-24,tnC2bTe7btY,0.0
2020-07-25,tnC2bTe7btY,0.0
2020-07-26,tnC2bTe7btY,0.0
2020-07-27,tnC2bTe7btY,0.0
2020-07-28,tnC2bTe7btY,0.0
2020-07-29,tnC2bTe7btY,0.0
2020-07-30,tnC2bTe7btY,0.0
2020-07-31,tnC2bTe7btY,0.0
2020-08-01,tnC2bTe7btY,0.0
2020-08-02,tnC2bTe7btY,0.0
2020-08-03,tnC2bTe7btY,0.0
2020-08-04,tnC2bTe7btY,0.0
2020-08-05,tnC2bTe7btY,0.0
2020-08-06,tnC2bTe7btY,0.0
2020-08-07,tnC2bTe7btY,0.0
2020-08-08,tnC2bTe7btY,0.0
2020-08-09,tnC2bTe7btY,0.0
2020-08-10,tnC2bTe7btY,0.0
2020-08-11,tnC2bTe7btY,0.0
2020-08-12,tnC2bTe7btY,0.0
2020-08-13,tnC2bTe7btY,0.0
2020-08-14,tnC2bTe7btY,0.0
2020-08-15,tnC2bTe7btY,0.0
2020-08-16,tnC2bTe7btY,0.0
2020-08-17,tnC2bTe7btY,0.0
2020-08-18,tnC2bTe7btY,0.0
2020-08-19,tnC2bTe7btY,0.0
2020-08-20,tnC2bTe7btY,0.0
2020-08-21,tnC2bTe7btY,0.0
2020-08-22,tnC2bTe7btY,0.0
2020-08-23,tnC2bTe7btY,0.0
2020-08-24,tnC2bTe7btY,0.0
2020-08-25,tnC2bTe7btY,0.0
2020-08-26,tnC2bTe7btY,0.0
2020-08-27,tnC2bTe7btY,0.0
2020-08-28,tnC2bTe7btY,0.0
2020-08-29,tnC2bTe7btY,0.0
2020-08-30,tnC2bTe7btY,0.0
2020-08-31,tnC2bTe7btY,0.0
2020-09-01,tnC2bTe7btY,0.0
2020-09-02,tnC2bTe7btY,0.0
2020-09-03,tnC2bTe7btY,0.0
2020-09-04,tnC2bTe7btY,0.0
2020-09-05,tnC2bTe7btY,0.0
2020-09-06,tnC2bTe7btY,0.0
2020-09-07,tnC2bTe7btY,0.0
2020-09-08,tnC2bTe7btY,0.0
2020-09-09,tnC2bTe7btY,0.0
2020-09-10,tnC2bTe7btY,0.0
2020-09-11,tnC2bTe7btY,0.0
2020-09-12,tnC2bTe7btY,0.0
2020-09-13,tnC2bTe7btY,0.0
2020-09-14,tnC2bTe7btY,0.0
2020-09-15,tnC2bTe7btY,0.0
2020-09-16,tnC2bTe7btY,0.0
2020-09-17,tnC2bTe7btY,0.0
2020-09-18,tnC2bTe7btY,0.0
2020-09-19,tnC2bTe7btY,0.0
2020-09-20,tnC2bTe7btY,0.0
2020-09-21,tnC2bTe7btY,0.0
2020-09-22,tnC2bTe7btY,0.0
2020-09-23,tnC2bTe7btY,0.0
2020-09-24,tnC2bTe7btY,0.0
2020-09-25,tnC2bTe7btY,0.0
2020-09-26,tnC2bTe7btY,0.0
2020-09-27,tnC2bTe7btY,0.0
2020-09-28,tnC2bTe7btY,0.0
2020-09-29,tnC2bTe7btY,0.0
2020-09-30,tnC2bTe7btY,0.0
2020-10-01,tnC2bTe7btY,0.0
2020-10-02,tnC2bTe7btY,0.0
2020-10-03,tnC2bTe7btY,0.0
2020-10-04,tnC2bTe7btY,0.0
2020-10-05,tnC2bTe7btY,0.0
2020-10-06,tnC2bTe7btY,0.0
2020-10-07,tnC2bTe7btY,0.0
2020-10-08,tnC2bTe7btY,0.0
2020-10-09,tnC2bTe7btY,0.0
2020-10-10,tnC2bTe7btY,0.0
2020-10-11,tnC2bTe7btY,0.0
2020-10-12,tnC2bTe7btY,0.0
2020-10-13,tnC2bTe7btY,0.0
2020-10-14,tnC2bTe7btY,0.0
2020-10-15,tnC2bTe7btY,0.0
2020-10-16,tnC2bTe7btY,0.0
2020-10-17,tnC2bTe7btY,0.0
2020-10-18,tnC2bTe7btY,0.0
2020-10-19,tnC2bTe7btY,0.0
2020-10-20,tnC2bTe7btY,0.0
2020-10-21,tnC2bTe7btY,0.0
2020-10-22,tnC2bTe7btY,0.0
2020-10-23,tnC2bTe7btY,0.0
2020-10-24,tnC2bTe7btY,0.0
2020-10-25,tnC2bTe7btY,0.0
2020-10-26,tnC2bTe7btY,0.0
2020-10-27,tnC2bTe7btY,0.0
2020-10-28,tnC2bTe7btY,0.0
2020-10-29,tnC2bTe7btY,0.0
2020-10-30,tnC2bTe7btY,0.0
2020-10-31,tnC2bTe7btY,0.0
2020-11-01,tnC2bTe7btY,0.0
2020-11-02,tnC2bTe7btY,0.0
2020-11-03,tnC2bTe7btY,0.0
2020-11-04,tnC2bTe7btY,0.0
2020-11-05,tnC2bTe7btY,0.0
2020-11-06,tnC2bTe7btY,0.0
2020-11-07,tnC2bTe7btY,0.0
2020-11-08,tnC2bTe7btY,0.0
2020-11-09,tnC2bTe7btY,0.0
2020-11-10,tnC2bTe7btY,0.0
2020-11-11,tnC2bTe7btY,0.0
2020-11-12,tnC2bTe7btY,0.0
2020-11-13,tnC2bTe7btY,0.0
2020-11-14,tnC2bTe7btY,0.0
2020-11-15,tnC2bTe7btY,0.0
2020-11-16,tnC2bTe7btY,0.0
2020-11-17,tnC2bTe7btY,0.0
2020-11-18,tnC2bTe7btY,0.0
2020-11-19,tnC2bTe7btY,0.0
2020-11-20,tnC2bTe7btY,0.0
2020-11-21,tnC2bTe7btY,165.6336
2020-11-22,tnC2bTe7btY,30.7711
2020-11-23,tnC2bTe7btY,13.0091
2020-11-24,tnC2bTe7btY,10.3147
2020-11-25,tnC2bTe7btY,10.1396
2020-11-26,tnC2bTe7btY,6.3682
2020-11-27,tnC2bTe7btY,3.2678
2020-11-28,tnC2bTe7btY,2.8579
2020-11-29,tnC2bTe7btY,5.4519
2020-11-30,tnC2bTe7btY,3.1055
2020-12-01,tnC2bTe7btY,3.9999
2020-12-02,tnC2bTe7btY,1.8295
2020-12-03,tnC2bTe7btY,1.9587
2020-12-04,tnC2bTe7btY,2.8616
2020-12-05,tnC2bTe7btY,3.7678
2020-12-06,tnC2bTe7btY,3.1536
2020-12-07,tnC2bTe7btY,2.5103
2020-12-08,tnC2bTe7btY,3.45
2020-12-09,tnC2bTe7btY,1.6217
2020-12-10,tnC2bTe7btY,3.4917
2020-12-11,tnC2bTe7btY,2.1663
2020-04-01,u3-Q3FmRDbs,0.0
2020-04-02,u3-Q3FmRDbs,0.0
2020-04-03,u3-Q3FmRDbs,0.0
2020-04-04,u3-Q3FmRDbs,0.0
2020-04-05,u3-Q3FmRDbs,0.0
2020-04-06,u3-Q3FmRDbs,0.0
2020-04-07,u3-Q3FmRDbs,0.0
2020-04-08,u3-Q3FmRDbs,0.0
2020-04-09,u3-Q3FmRDbs,0.0
2020-04-10,u3-Q3FmRDbs,0.0
2020-04-11,u3-Q3FmRDbs,0.0
2020-04-12,u3-Q3FmRDbs,0.0
2020-04-13,u3-Q3FmRDbs,0.0
2020-04-14,u3-Q3FmRDbs,0.0
2020-04-15,u3-Q3FmRDbs,0.0
2020-04-16,u3-Q3FmRDbs,0.0
2020-04-17,u3-Q3FmRDbs,0.0
2020-04-18,u3-Q3FmRDbs,0.0
2020-04-19,u3-Q3FmRDbs,0.0
2020-04-20,u3-Q3FmRDbs,0.0
2020-04-21,u3-Q3FmRDbs,0.0
2020-04-22,u3-Q3FmRDbs,0.0
2020-04-23,u3-Q3FmRDbs,0.0
2020-04-24,u3-Q3FmRDbs,0.0
2020-04-25,u3-Q3FmRDbs,0.0
2020-04-26,u3-Q3FmRDbs,0.0
2020-04-27,u3-Q3FmRDbs,0.0
2020-04-28,u3-Q3FmRDbs,0.0
2020-04-29,u3-Q3FmRDbs,0.0
2020-04-30,u3-Q3FmRDbs,0.0
2020-05-01,u3-Q3FmRDbs,0.0
2020-05-02,u3-Q3FmRDbs,0.0
2020-05-03,u3-Q3FmRDbs,0.0
2020-05-04,u3-Q3FmRDbs,0.0
2020-05-05,u3-Q3FmRDbs,0.0
2020-05-06,u3-Q3FmRDbs,0.0
2020-05-07,u3-Q3FmRDbs,0.0
2020-05-08,u3-Q3FmRDbs,0.0
2020-05-09,u3-Q3FmRDbs,0.0
2020-05-10,u3-Q3FmRDbs,0.0
2020-05-11,u3-Q3FmRDbs,0.0
2020-05-12,u3-Q3FmRDbs,0.0
2020-05-13,u3-Q3FmRDbs,0.0
2020-05-14,u3-Q3FmRDbs,0.0
2020-05-15,u3-Q3FmRDbs,0.0
2020-05-16,u3-Q3FmRDbs,0.0
2020-05-17,u3-Q3FmRDbs,0.0
2020-05-18,u3-Q3FmRDbs,0.0
2020-05-19,u3-Q3FmRDbs,0.0
2020-05-20,u3-Q3FmRDbs,0.0
2020-05-21,u3-Q3FmRDbs,0.0
2020-05-22,u3-Q3FmRDbs,0.0
2020-05-23,u3-Q3FmRDbs,0.0
2020-05-24,u3-Q3FmRDbs,0.0
2020-05-25,u3-Q3FmRDbs,0.0
2020-05-26,u3-Q3FmRDbs,0.0
2020-05-27,u3-Q3FmRDbs,0.0
2020-05-28,u3-Q3FmRDbs,0.0
2020-05-29,u3-Q3FmRDbs,0.0
2020-05-30,u3-Q3FmRDbs,0.0
2020-05-31,u3-Q3FmRDbs,0.0
2020-06-01,u3-Q3FmRDbs,0.0
2020-06-02,u3-Q3FmRDbs,0.0
2020-06-03,u3-Q3FmRDbs,0.0
2020-06-04,u3-Q3FmRDbs,0.0
2020-06-05,u3-Q3FmRDbs,0.0
2020-06-06,u3-Q3FmRDbs,0.0
2020-06-07,u3-Q3FmRDbs,0.0
2020-06-08,u3-Q3FmRDbs,0.0
2020-06-09,u3-Q3FmRDbs,0.0
2020-06-10,u3-Q3FmRDbs,0.0
2020-06-11,u3-Q3FmRDbs,0.0
2020-06-12,u3-Q3FmRDbs,0.0
2020-06-13,u3-Q3FmRDbs,0.0
2020-06-14,u3-Q3FmRDbs,0.0
2020-06-15,u3-Q3FmRDbs,0.0
2020-06-16,u3-Q3FmRDbs,0.0
2020-06-17,u3-Q3FmRDbs,0.0
2020-06-18,u3-Q3FmRDbs,0.0
2020-06-19,u3-Q3FmRDbs,0.0
2020-06-20,u3-Q3FmRDbs,0.0
2020-06-21,u3-Q3FmRDbs,0.0
2020-06-22,u3-Q3FmRDbs,0.0
2020-06-23,u3-Q3FmRDbs,0.0
2020-06-24,u3-Q3FmRDbs,0.0
2020-06-25,u3-Q3FmRDbs,0.0
2020-06-26,u3-Q3FmRDbs,0.0
2020-06-27,u3-Q3FmRDbs,0.0
2020-06-28,u3-Q3FmRDbs,0.0
2020-06-29,u3-Q3FmRDbs,0.0
2020-06-30,u3-Q3FmRDbs,0.0
2020-07-01,u3-Q3FmRDbs,0.0
2020-07-02,u3-Q3FmRDbs,0.0
2020-07-03,u3-Q3FmRDbs,0.0
2020-07-04,u3-Q3FmRDbs,0.0
2020-07-05,u3-Q3FmRDbs,0.0
2020-07-06,u3-Q3FmRDbs,0.0
2020-07-07,u3-Q3FmRDbs,0.0
2020-07-08,u3-Q3FmRDbs,0.0
2020-07-09,u3-Q3FmRDbs,0.0
2020-07-10,u3-Q3FmRDbs,0.0
2020-07-11,u3-Q3FmRDbs,0.0
2020-07-12,u3-Q3FmRDbs,0.0
2020-07-13,u3-Q3FmRDbs,0.0
2020-07-14,u3-Q3FmRDbs,0.0
2020-07-15,u3-Q3FmRDbs,0.0
2020-07-16,u3-Q3FmRDbs,0.0
2020-07-17,u3-Q3FmRDbs,0.0
2020-07-18,u3-Q3FmRDbs,0.0
2020-07-19,u3-Q3FmRDbs,0.0
2020-07-20,u3-Q3FmRDbs,0.0
2020-07-21,u3-Q3FmRDbs,0.0
2020-07-22,u3-Q3FmRDbs,0.0
2020-07-23,u3-Q3FmRDbs,0.0
2020-07-24,u3-Q3FmRDbs,0.0
2020-07-25,u3-Q3FmRDbs,0.0
2020-07-26,u3-Q3FmRDbs,0.0
2020-07-27,u3-Q3FmRDbs,0.0
2020-07-28,u3-Q3FmRDbs,0.0
2020-07-29,u3-Q3FmRDbs,0.0
2020-07-30,u3-Q3FmRDbs,0.0
2020-07-31,u3-Q3FmRDbs,0.0
2020-08-01,u3-Q3FmRDbs,0.0
2020-08-02,u3-Q3FmRDbs,0.0
2020-08-03,u3-Q3FmRDbs,0.0
2020-08-04,u3-Q3FmRDbs,0.0
2020-08-05,u3-Q3FmRDbs,0.0
2020-08-06,u3-Q3FmRDbs,0.0
2020-08-07,u3-Q3FmRDbs,0.0
2020-08-08,u3-Q3FmRDbs,0.0
2020-08-09,u3-Q3FmRDbs,0.0
2020-08-10,u3-Q3FmRDbs,0.0
2020-08-11,u3-Q3FmRDbs,0.0
2020-08-12,u3-Q3FmRDbs,0.0
2020-08-13,u3-Q3FmRDbs,0.0
2020-08-14,u3-Q3FmRDbs,0.0
2020-08-15,u3-Q3FmRDbs,0.0
2020-08-16,u3-Q3FmRDbs,0.0
2020-08-17,u3-Q3FmRDbs,0.0
2020-08-18,u3-Q3FmRDbs,0.0
2020-08-19,u3-Q3FmRDbs,0.0
2020-08-20,u3-Q3FmRDbs,0.0
2020-08-21,u3-Q3FmRDbs,0.0
2020-08-22,u3-Q3FmRDbs,0.0
2020-08-23,u3-Q3FmRDbs,0.0
2020-08-24,u3-Q3FmRDbs,0.0
2020-08-25,u3-Q3FmRDbs,0.0
2020-08-26,u3-Q3FmRDbs,0.0
2020-08-27,u3-Q3FmRDbs,0.0
2020-08-28,u3-Q3FmRDbs,0.0
2020-08-29,u3-Q3FmRDbs,0.0
2020-08-30,u3-Q3FmRDbs,0.0
2020-08-31,u3-Q3FmRDbs,0.0
2020-09-01,u3-Q3FmRDbs,0.0
2020-09-02,u3-Q3FmRDbs,0.0
2020-09-03,u3-Q3FmRDbs,0.0
2020-09-04,u3-Q3FmRDbs,0.0
2020-09-05,u3-Q3FmRDbs,0.0
2020-09-06,u3-Q3FmRDbs,0.0
2020-09-07,u3-Q3FmRDbs,0.0
2020-09-08,u3-Q3FmRDbs,0.0
2020-09-09,u3-Q3FmRDbs,0.0
2020-09-10,u3-Q3FmRDbs,0.0
2020-09-11,u3-Q3FmRDbs,0.0
2020-09-12,u3-Q3FmRDbs,0.0
2020-09-13,u3-Q3FmRDbs,275.3649
2020-09-14,u3-Q3FmRDbs,116.1424
2020-09-15,u3-Q3FmRDbs,40.5769
2020-09-16,u3-Q3FmRDbs,20.1649
2020-09-17,u3-Q3FmRDbs,16.9285
2020-09-18,u3-Q3FmRDbs,40.5946
2020-09-19,u3-Q3FmRDbs,42.4932
2020-09-20,u3-Q3FmRDbs,38.524
2020-09-21,u3-Q3FmRDbs,34.3662
2020-09-22,u3-Q3FmRDbs,19.5251
2020-09-23,u3-Q3FmRDbs,15.9338
2020-09-24,u3-Q3FmRDbs,16.0033
2020-09-25,u3-Q3FmRDbs,10.5599
2020-09-26,u3-Q3FmRDbs,5.7559
2020-09-27,u3-Q3FmRDbs,8.7629
2020-09-28,u3-Q3FmRDbs,6.5907
2020-09-29,u3-Q3FmRDbs,3.7398
2020-09-30,u3-Q3FmRDbs,4.6167
2020-10-01,u3-Q3FmRDbs,3.4729
2020-10-02,u3-Q3FmRDbs,2.7460000000000004
2020-10-03,u3-Q3FmRDbs,1.9192
2020-10-04,u3-Q3FmRDbs,3.1932
2020-10-05,u3-Q3FmRDbs,3.2703
2020-10-06,u3-Q3FmRDbs,2.7841
2020-10-07,u3-Q3FmRDbs,2.9767
2020-10-08,u3-Q3FmRDbs,2.9614
2020-10-09,u3-Q3FmRDbs,3.6435
2020-10-10,u3-Q3FmRDbs,2.3511
2020-10-11,u3-Q3FmRDbs,4.1247
2020-10-12,u3-Q3FmRDbs,3.8654
2020-10-13,u3-Q3FmRDbs,2.701
2020-10-14,u3-Q3FmRDbs,2.0376
2020-10-15,u3-Q3FmRDbs,4.6662
2020-10-16,u3-Q3FmRDbs,1.8799
2020-10-17,u3-Q3FmRDbs,3.1314
2020-10-18,u3-Q3FmRDbs,1.9369999999999998
2020-10-19,u3-Q3FmRDbs,2.1308
2020-10-20,u3-Q3FmRDbs,2.3511
2020-10-21,u3-Q3FmRDbs,3.353
2020-10-22,u3-Q3FmRDbs,1.9258
2020-10-23,u3-Q3FmRDbs,1.7368
2020-10-24,u3-Q3FmRDbs,5.1359
2020-10-25,u3-Q3FmRDbs,5.0513
2020-10-26,u3-Q3FmRDbs,3.8156
2020-10-27,u3-Q3FmRDbs,3.5662
2020-10-28,u3-Q3FmRDbs,3.2709
2020-10-29,u3-Q3FmRDbs,5.54
2020-10-30,u3-Q3FmRDbs,3.4589
2020-10-31,u3-Q3FmRDbs,2.0173
2020-11-01,u3-Q3FmRDbs,4.0932
2020-11-02,u3-Q3FmRDbs,2.6638
2020-11-03,u3-Q3FmRDbs,1.8926
2020-11-04,u3-Q3FmRDbs,3.4081
2020-11-05,u3-Q3FmRDbs,2.3609
2020-11-06,u3-Q3FmRDbs,4.5487
2020-11-07,u3-Q3FmRDbs,3.3795
2020-11-08,u3-Q3FmRDbs,3.7649
2020-11-09,u3-Q3FmRDbs,2.4008
2020-11-10,u3-Q3FmRDbs,7.1881
2020-11-11,u3-Q3FmRDbs,4.5398
2020-11-12,u3-Q3FmRDbs,3.2763
2020-11-13,u3-Q3FmRDbs,5.5824
2020-11-14,u3-Q3FmRDbs,4.3062
2020-11-15,u3-Q3FmRDbs,4.4119
2020-11-16,u3-Q3FmRDbs,3.7302
2020-11-17,u3-Q3FmRDbs,3.3531
2020-11-18,u3-Q3FmRDbs,2.9736
2020-11-19,u3-Q3FmRDbs,3.0951
2020-11-20,u3-Q3FmRDbs,3.1695
2020-11-21,u3-Q3FmRDbs,6.1015
2020-11-22,u3-Q3FmRDbs,2.682
2020-11-23,u3-Q3FmRDbs,1.8697
2020-11-24,u3-Q3FmRDbs,3.1467
2020-11-25,u3-Q3FmRDbs,2.8654
2020-11-26,u3-Q3FmRDbs,2.5227
2020-11-27,u3-Q3FmRDbs,0.6162
2020-11-28,u3-Q3FmRDbs,1.8624
2020-11-29,u3-Q3FmRDbs,2.4004
2020-11-30,u3-Q3FmRDbs,3.1993
2020-12-01,u3-Q3FmRDbs,2.7788
2020-12-02,u3-Q3FmRDbs,1.8348
2020-12-03,u3-Q3FmRDbs,2.4801
2020-12-04,u3-Q3FmRDbs,2.7263
2020-12-05,u3-Q3FmRDbs,4.4306
2020-12-06,u3-Q3FmRDbs,8.8529
2020-12-07,u3-Q3FmRDbs,3.6967
2020-12-08,u3-Q3FmRDbs,8.1004
2020-12-09,u3-Q3FmRDbs,2.2931
2020-12-10,u3-Q3FmRDbs,1.8015
2020-12-11,u3-Q3FmRDbs,2.8728
